,hgnc_id,gene_id,baseMean,log2FoldChange,lfcSE,pvalue,padj,gene_name,gene_type,seqnames,Approved.name,Chromosome,RefSeq.IDs,OMIM.ID.supplied.by.OMIM.
1,HGNC:27266,ENSG00000168671.10,44.45100272,4.808758252,0.777684261,5.00E-15,3.74E-11,UGT3A2,protein_coding,chr5,UDP glycosyltransferase family 3 member A2,5p13.2,NM_174914,616384
2,HGNC:17757,ENSG00000000005.6,16.5259047,4.471290787,1.222827907,2.65E-07,0.000205267,TNMD,protein_coding,chrX,tenomodulin,Xq22.1,NM_022144,300459
3,HGNC:2174,ENSG00000144619.15,220.8340477,4.225136003,0.965125261,4.36E-10,1.09E-06,CNTN4,protein_coding,chr3,contactin 4,3p26.3-p26.2,,607280
4,HGNC:1362,ENSG00000260230.3,127.0549538,3.452290094,0.553473415,2.12E-14,1.19E-10,FRRS1L,protein_coding,chr9,ferric chelate reductase 1 like,9q31.3,NM_014334,604574
5,HGNC:4389,ENSG00000087258.15,282.7957833,3.360852647,0.664372695,5.24E-10,1.18E-06,GNAO1,protein_coding,chr16,G protein subunit alpha o1,16q13,NM_020988,139311
6,HGNC:15521,ENSG00000182132.13,25.91890504,3.350662002,0.726856552,9.18E-08,0.000103083,KCNIP1,protein_coding,chr5,potassium voltage-gated channel interacting protein 1,5q35.1,NM_001278339,604660
7,HGNC:2176,ENSG00000134115.13,37.47716329,3.341693434,0.892188501,6.71E-08,8.36E-05,CNTN6,protein_coding,chr3,contactin 6,3p26.3,NM_014461,607220
8,HGNC:10577,ENSG00000104435.13,5190.107487,-3.170666906,0.758897516,1.64E-06,0.000818606,STMN2,protein_coding,chr8,stathmin 2,8q21.13,NM_007029,600621
9,NA,ENSG00000246379.8,5.935612058,3.03093276,1.356920582,6.34E-05,0.01307407,AC040168.1,lncRNA,chr16,NA,NA,NA,NA
10,HGNC:6861,ENSG00000006432.15,21.75707239,3.002199726,0.80623445,2.12E-07,0.000179917,MAP3K9,protein_coding,chr14,mitogen-activated protein kinase kinase kinase 9,14q24.2,,600136
11,HGNC:50768,ENSG00000266554.2,22.2833613,-2.857234666,0.61892168,1.04E-07,0.000111499,LINC01443,lncRNA,chr18,long intergenic non-protein coding RNA 1443,18p11.21,,
12,HGNC:18036,ENSG00000186998.16,18.00719387,2.791093882,0.810032908,4.63E-07,0.000296769,EMID1,protein_coding,chr22,EMI domain containing 1,22q12.2,NM_133455,608926
13,HGNC:1952,ENSG00000133019.11,14.95205081,2.669191895,0.805941723,1.54E-05,0.004733689,CHRM3,protein_coding,chr1,cholinergic receptor muscarinic 3,1q43,NM_000740,118494
14,HGNC:16193,ENSG00000132622.11,90.19104916,2.585722165,0.611155097,6.75E-07,0.000398453,HSPA12B,protein_coding,chr20,heat shock protein family A (Hsp70) member 12B,20p13,NM_052970,610702
15,HGNC:15511,ENSG00000162738.6,568.7558798,2.546320751,0.36659654,2.79E-14,1.25E-10,VANGL2,protein_coding,chr1,VANGL planar cell polarity protein 2,1q23.2,NM_020335,600533
16,HGNC:23154,ENSG00000181444.13,78.86720337,2.521513149,0.78158281,1.08E-06,0.00060585,ZNF467,protein_coding,chr7,zinc finger protein 467,7q36.1,NM_207336,614040
17,NA,ENSG00000286457.1,3.729414212,2.515569134,0.896079608,0.000193321,0.029927422,AC009560.2,lncRNA,chr15,NA,NA,NA,NA
18,HGNC:11932,ENSG00000120337.8,685.1279864,2.488517361,0.523300597,1.10E-07,0.000112539,TNFSF18,protein_coding,chr1,TNF superfamily member 18,1q25.1,NM_005092,603898
19,HGNC:4583,ENSG00000105737.9,28.16282006,2.486368426,0.630252552,6.02E-06,0.002458261,GRIK5,protein_coding,chr19,glutamate ionotropic receptor kainate type subunit 5,19q13.2,,600283
20,NA,ENSG00000270110.2,10.82555832,2.46043064,0.584719284,2.89E-07,0.000209312,AL353593.2,lncRNA,chr1,NA,NA,NA,NA
21,HGNC:24178,ENSG00000156689.7,36.37651882,2.455473008,0.532153872,2.85E-07,0.000209312,GLYATL2,protein_coding,chr11,glycine-N-acyltransferase like 2,11q12.1,NM_145016,614762
22,NA,ENSG00000267886.1,12.84842661,2.455181689,0.521287367,1.66E-07,0.000155238,AC074135.1,lncRNA,chr19,NA,NA,NA,NA
23,NA,ENSG00000287252.1,7.755601149,2.422939268,0.718920268,1.15E-05,0.003908827,AL009179.2,lncRNA,chr6,NA,NA,NA,NA
24,HGNC:450,ENSG00000052850.8,357.5725582,2.379477915,0.524806972,2.16E-07,0.000179917,ALX4,protein_coding,chr11,ALX homeobox 4,11p11.2,,605420
25,HGNC:1782,ENSG00000138769.11,40.0150976,2.354788718,0.722070629,2.66E-06,0.00124351,CDKL2,protein_coding,chr4,cyclin dependent kinase like 2,4q21.1,NM_003948,603442
26,HGNC:13273,ENSG00000140279.12,15.04121607,2.287349878,1.35627967,0.000204421,0.031215185,DUOX2,protein_coding,chr15,dual oxidase 2,15q21.1,NM_014080,606759
27,HGNC:9305,ENSG00000156475.18,12.30429118,-2.264009107,0.717873973,0.000128133,0.022341699,PPP2R2B,protein_coding,chr5,protein phosphatase 2 regulatory subunit Bbeta,5q32,NM_181678,604325
28,HGNC:5471,ENSG00000115457.10,3478.436093,2.186089746,0.592711913,4.16E-06,0.001760786,IGFBP2,protein_coding,chr2,insulin like growth factor binding protein 2,2q35,NM_000597,146731
29,HGNC:17448,ENSG00000158258.16,4343.275205,2.17439828,0.638617405,3.31E-06,0.001518318,CLSTN2,protein_coding,chr3,calsyntenin 2,3q23,NM_022131,611323
30,HGNC:17655,ENSG00000180875.5,1234.024677,-2.105618707,0.358898817,1.51E-09,3.09E-06,GREM2,protein_coding,chr1,"gremlin 2, DAN family BMP antagonist",1q43,NM_022469,608832
31,HGNC:579,ENSG00000034053.14,91.65558837,2.105355124,0.510940812,3.23E-07,0.000222425,APBA2,protein_coding,chr15,amyloid beta precursor protein binding family A member 2,15q13.1,NM_005503,602712
32,HGNC:5397,ENSG00000165949.12,125.9204964,-2.10073644,0.513315233,4.11E-06,0.001760786,IFI27,protein_coding,chr14,interferon alpha inducible protein 27,14q32.12,NM_005532,600009
33,HGNC:22305,ENSG00000189212.12,11.59575832,2.08913939,0.6030673,9.13E-06,0.003252081,DPY19L2P1,transcribed_unprocessed_pseudogene,chr7,DPY19L2 pseudogene 1,7p14.2,,
34,HGNC:12770,ENSG00000064205.10,2914.982779,-2.081685725,0.517421965,6.37E-06,0.002521346,CCN5,protein_coding,chr20,cellular communication network factor 5,20q13.12,NM_003881,603399
35,HGNC:9668,ENSG00000153707.17,421.299651,2.069967279,0.611851602,1.17E-05,0.003908827,PTPRD,protein_coding,chr9,protein tyrosine phosphatase receptor type D,9p24.1-p23,,601598
36,NA,ENSG00000285744.1,38.42307274,-2.055341179,0.583906011,2.39E-05,0.006715549,AC083837.1,lncRNA,chr8,NA,NA,NA,NA
37,NA,ENSG00000255310.2,71.24452294,2.038643794,0.261064003,1.47E-17,1.65E-13,AF131215.5,lncRNA,chr8,NA,NA,NA,NA
38,HGNC:5950,ENSG00000143061.17,356.8448911,2.034172152,0.383723444,1.22E-08,1.80E-05,IGSF3,protein_coding,chr1,immunoglobulin superfamily member 3,1p13.1,NM_001542,603491
39,NA,ENSG00000269918.1,36.88602719,2.026405147,0.34735871,6.99E-11,1.96E-07,AF131215.6,lncRNA,chr8,NA,NA,NA,NA
40,HGNC:53865,ENSG00000264714.1,6.279885113,2.008702218,0.849463504,0.000325732,0.043299629,KIAA0895LP1,transcribed_processed_pseudogene,chr18,KIAA00895L pseudogene 1,18p11.22,,
41,HGNC:28451,ENSG00000144868.13,14.12576427,2.001434509,0.594351111,6.51E-06,0.002521346,TMEM108,protein_coding,chr3,transmembrane protein 108,3q22.1,NM_023943,617361
42,HGNC:49017,ENSG00000232077.2,25.41008312,1.997840426,0.579223098,1.19E-06,0.000649072,LINC01031,lncRNA,chr1,long intergenic non-protein coding RNA 1031,1q31.2,,
43,HGNC:19972,ENSG00000165959.12,220.6403002,1.99744081,0.494584984,2.60E-07,0.000205267,CLMN,protein_coding,chr14,calmin,14q32.13,,611121
44,HGNC:27806,ENSG00000171044.10,49.58578978,1.996527367,0.287256856,8.50E-14,3.18E-10,XKR6,protein_coding,chr8,XK related 6,8p23.1,NM_173683,
45,HGNC:4575,ENSG00000182771.19,124.8673907,1.991697253,0.509849842,1.21E-06,0.000649072,GRID1,protein_coding,chr10,glutamate ionotropic receptor delta type subunit 1,10q23.1-q23.2,NM_017551,610659
46,HGNC:1183,ENSG00000047617.15,19.44307873,1.975185159,0.714619552,5.64E-05,0.012288032,ANO2,protein_coding,chr12,anoctamin 2,12p13.31,NM_020373,610109
47,HGNC:28651,ENSG00000122378.14,356.0886558,1.956486785,0.547499209,3.79E-06,0.001699344,PRXL2A,protein_coding,chr10,peroxiredoxin like 2A,10q23.1,,617165
48,HGNC:7159,ENSG00000137745.12,6.794989292,1.905287367,0.741032536,9.23E-05,0.017705025,MMP13,protein_coding,chr11,matrix metallopeptidase 13,11q22.2,NM_002427,600108
49,HGNC:5466,ENSG00000167244.21,2407.318183,1.902783739,0.825101074,0.000133981,0.023068164,IGF2,protein_coding,chr11,insulin like growth factor 2,11p15.5,NM_000612,147470
50,HGNC:14062,ENSG00000099869.7,32.02204313,1.878204324,0.795048078,0.000165898,0.026599376,IGF2-AS,lncRNA,chr11,IGF2 antisense RNA,11p15.5,NM_016412,610146
51,HGNC:26270,ENSG00000154864.12,2815.233549,1.872572549,0.479693522,1.38E-06,0.000722127,PIEZO2,protein_coding,chr18,piezo type mechanosensitive ion channel component 2,18p11.22-p11.21,NM_022068,613629
52,HGNC:29869,ENSG00000129946.10,122.2132484,1.860241325,0.700992821,0.00026023,0.037444762,SHC2,protein_coding,chr19,SHC adaptor protein 2,19p13.3,,605217
53,HGNC:25857,ENSG00000179299.17,69.56807317,1.841037912,0.369089875,4.47E-09,7.72E-06,NSUN7,protein_coding,chr4,NOP2/Sun RNA methyltransferase family member 7,4p14,NM_024677,617185
54,HGNC:60,ENSG00000069431.11,694.9381409,-1.836675405,0.550088859,2.34E-05,0.006646456,ABCC9,protein_coding,chr12,ATP binding cassette subfamily C member 9,12p12.1,NM_005691,601439
55,NA,ENSG00000278058.1,8.803448066,1.808575725,0.98274892,0.000282584,0.038915119,AC009159.3,lncRNA,chr16,NA,NA,NA,NA
56,HGNC:14946,ENSG00000158528.12,140.1928407,1.776667731,0.522177943,1.82E-05,0.005454319,PPP1R9A,protein_coding,chr7,protein phosphatase 1 regulatory subunit 9A,7q21.3,NM_001166160,602468
57,HGNC:11132,ENSG00000132639.12,10.65997137,1.765954561,0.868439485,0.0002325,0.034562373,SNAP25,protein_coding,chr20,synaptosome associated protein 25,20p12.2,NM_130811,600322
58,NA,ENSG00000260816.2,5.907415376,1.763506773,0.650141383,0.000160266,0.026068725,AC027279.1,lncRNA,chr16,NA,NA,NA,NA
59,HGNC:7047,ENSG00000071073.13,14.53637965,1.738352984,0.55232526,3.25E-05,0.007922526,MGAT4A,protein_coding,chr2,"alpha-1,3-mannosyl-glycoprotein 4-beta-N-acetylglucosaminyltransferase A",2q11.2,NM_012214,604623
60,HGNC:32950,ENSG00000198354.7,12.10417555,1.732415737,0.658490561,9.65E-05,0.018356986,DCAF12L2,protein_coding,chrX,DDB1 and CUL4 associated factor 12 like 2,Xq25,NM_001013628,
61,NA,ENSG00000250284.3,23.1992229,1.72871119,0.880703367,0.000127476,0.022341699,AC109439.2,lncRNA,chr5,NA,NA,NA,NA
62,NA,ENSG00000284977.2,9.030421957,-1.721327539,0.68551165,0.000324144,0.043299629,AL160272.1,lncRNA,chr9,NA,NA,NA,NA
63,HGNC:18206,ENSG00000121005.9,93.46530318,1.707155628,0.786476082,0.00024757,0.03608574,CRISPLD1,protein_coding,chr8,cysteine rich secretory protein LCCL domain containing 1,8q21.13,NM_031461,
64,HGNC:29290,ENSG00000128011.4,26.02946208,1.70700896,0.472177176,3.88E-06,0.001708853,LRFN1,protein_coding,chr19,leucine rich repeat and fibronectin type III domain containing 1,19q13.2,NM_020862,612807
65,HGNC:11010,ENSG00000142583.17,55.54884924,-1.653981096,0.343817828,1.36E-08,1.80E-05,SLC2A5,protein_coding,chr1,solute carrier family 2 member 5,1p36.23,NM_003039,138230
66,NA,ENSG00000271318.1,10.89885493,1.638915836,0.683542165,0.000183064,0.028735956,AP000654.2,processed_pseudogene,chr11,NA,NA,NA,NA
67,HGNC:10739,ENSG00000167680.16,27.41510133,1.635928618,0.503607836,4.56E-05,0.010288497,SEMA6B,protein_coding,chr19,semaphorin 6B,19p13.3,NM_032108,608873
68,HGNC:32047,ENSG00000162913.10,22.25681512,1.611441749,0.398509176,5.43E-07,0.000329233,OBSCN-AS1,lncRNA,chr1,OBSCN antisense RNA 1,1q42.13,NR_073154,
69,HGNC:11850,ENSG00000136869.16,1306.653787,-1.611063142,0.45884669,2.62E-05,0.007251795,TLR4,protein_coding,chr9,toll like receptor 4,9q33.1,NM_138554,603030
70,HGNC:21767,ENSG00000236609.4,157.2171256,1.588495117,0.506708829,8.37E-05,0.016338192,ZNF853,protein_coding,chr7,zinc finger protein 853,7p22.1,NM_017560,
71,HGNC:18708,ENSG00000155974.12,11.53054617,1.549429002,0.689112576,0.000263393,0.037658537,GRIP1,protein_coding,chr12,glutamate receptor interacting protein 1,12q14.3,,604597
72,HGNC:12976,ENSG00000147394.18,267.3351467,1.537204948,0.316951298,1.30E-08,1.80E-05,ZNF185,protein_coding,chrX,zinc finger protein 185 with LIM domain,Xq28,NM_007150,300381
73,HGNC:9655,ENSG00000070159.14,108.4299903,1.536108848,0.48690122,5.95E-05,0.012713088,PTPN3,protein_coding,chr9,protein tyrosine phosphatase non-receptor type 3,9q31,,176877
74,HGNC:8755,ENSG00000102230.13,42.63003744,1.514087064,0.664363029,0.000134625,0.023068164,PCYT1B,protein_coding,chrX,"phosphate cytidylyltransferase 1, choline, beta",Xp22.11,NM_004845,300948
75,HGNC:16394,ENSG00000132357.14,486.7917273,-1.498770665,0.340102829,4.19E-07,0.000276537,CARD6,protein_coding,chr5,caspase recruitment domain family member 6,5p13.1,,609986
76,NA,ENSG00000229720.1,46.0699061,1.481452506,0.421606542,1.27E-05,0.004111469,AL109924.1,lncRNA,chr6,NA,NA,NA,NA
77,HGNC:2095,ENSG00000120885.21,1447.411183,-1.479862875,0.48546999,6.14E-05,0.012996097,CLU,protein_coding,chr8,clusterin,8p21.1,NM_001831,185430
78,HGNC:25575,ENSG00000143845.15,101.6662018,1.471161379,0.42070679,1.08E-05,0.003728775,ETNK2,protein_coding,chr1,ethanolamine kinase 2,1q32.1,NM_018208,609859
79,HGNC:20660,ENSG00000157570.11,3757.168761,1.46183306,0.480209752,4.12E-05,0.009530326,TSPAN18,protein_coding,chr11,tetraspanin 18,11p11.2,NM_130783,
80,HGNC:31955,ENSG00000254535.4,120.1572321,1.459899674,0.262616454,2.70E-09,5.06E-06,PABPC4L,protein_coding,chr4,poly(A) binding protein cytoplasmic 4 like,4q28.3,NM_001114734,
81,HGNC:9919,ENSG00000114115.9,90.22353232,1.453171039,0.491676889,6.25E-05,0.01307407,RBP1,protein_coding,chr3,retinol binding protein 1,3q23,NM_002899,180260
82,HGNC:7728,ENSG00000049759.18,571.8929116,1.450642952,0.121740525,1.71E-34,3.84E-30,NEDD4L,protein_coding,chr18,NEDD4 like E3 ubiquitin protein ligase,18q21.31,,606384
83,NA,ENSG00000287609.1,10.89479158,1.434215393,0.471538949,7.77E-05,0.015513569,AL589787.2,lncRNA,chr10,NA,NA,NA,NA
84,HGNC:18565,ENSG00000164591.13,33.58000911,1.428562378,0.426442652,7.57E-06,0.002832402,MYOZ3,protein_coding,chr5,myozenin 3,5q33.1,NM_001122853,610735
85,NA,ENSG00000283674.3,32.32783877,1.401775036,0.642007334,0.000147703,0.024666178,AC068587.4,lncRNA,chr8,NA,NA,NA,NA
86,HGNC:6023,ENSG00000104432.14,85.75791726,-1.394913042,0.490746712,0.00016325,0.026363062,IL7,protein_coding,chr8,interleukin 7,8q21.13,,146660
87,HGNC:10004,ENSG00000108370.17,143.4987167,1.390426246,0.448567091,1.37E-05,0.004316594,RGS9,protein_coding,chr17,regulator of G protein signaling 9,17q24.1,NM_003835,604067
88,HGNC:52850,ENSG00000231574.6,46.81365868,-1.387971111,0.528917221,0.000180804,0.028581111,LINC02015,lncRNA,chr3,long intergenic non-protein coding RNA 2015,3q26.32,NR_110826,
89,HGNC:30689,ENSG00000144712.12,211.7840976,1.381254657,0.237872513,5.03E-11,1.61E-07,CAND2,protein_coding,chr3,cullin associated and neddylation dissociated 2 (putative),3p25.2,NM_001162499,610403
90,HGNC:51143,ENSG00000256751.6,24.50422139,1.376645589,0.460625061,0.000111213,0.020532776,PLBD1-AS1,lncRNA,chr12,PLBD1 antisense RNA 1,12p13.1-p12.3,,
91,HGNC:7825,ENSG00000171840.12,58.94618699,-1.358622588,0.37285008,1.18E-05,0.003908827,NINJ2,protein_coding,chr12,ninjurin 2,12p13.33,NM_016533,607297
92,NA,ENSG00000280241.4,257.4057628,-1.355836962,0.342460741,8.66E-06,0.003136662,AC079298.3,lncRNA,chr4,NA,NA,NA,NA
93,HGNC:2180,ENSG00000100473.18,11.28877885,1.344402549,0.417004448,5.03E-05,0.011168101,COCH,protein_coding,chr14,cochlin,14q12,NM_004086,603196
94,HGNC:25723,ENSG00000143494.15,38.06443328,1.328463306,0.490042491,3.62E-05,0.008552496,VASH2,protein_coding,chr1,vasohibin 2,1q32.3,NM_024749,610471
95,HGNC:8592,ENSG00000077264.15,51.31042755,1.328169136,0.749845431,0.000331174,0.043512029,PAK3,protein_coding,chrX,p21 (RAC1) activated kinase 3,Xq23,NM_002578,300142
96,HGNC:618,ENSG00000100342.20,373.0970383,-1.326335152,0.378054897,2.92E-05,0.007475053,APOL1,protein_coding,chr22,apolipoprotein L1,22q12.3,NM_145343,603743
97,HGNC:1391,ENSG00000157388.18,60.14368052,1.283081194,0.450479256,6.57E-05,0.013397692,CACNA1D,protein_coding,chr3,calcium voltage-gated channel subunit alpha1 D,3p21.1,NM_000720,114206
98,HGNC:28269,ENSG00000185904.12,443.5211259,1.28028674,0.406881773,6.35E-05,0.01307407,LINC00839,lncRNA,chr10,long intergenic non-protein coding RNA 839,10q11.21,NR_026827,
99,HGNC:15472,ENSG00000128918.15,36.60358145,1.256232742,0.368196437,2.13E-05,0.006118383,ALDH1A2,protein_coding,chr15,aldehyde dehydrogenase 1 family member A2,15q21.3,,603687
100,NA,ENSG00000262003.1,50.30467047,-1.253273154,0.43528637,0.000127567,0.022341699,AC087392.1,lncRNA,chr17,NA,NA,NA,NA
101,HGNC:24166,ENSG00000168672.4,220.157833,1.232697679,0.292421918,1.90E-07,0.000170792,LRATD2,protein_coding,chr8,LRAT domain containing 2,8q24.21,NM_174911,609483
102,HGNC:44188,ENSG00000250802.7,33.73745384,1.209694404,0.371194943,2.82E-05,0.007475053,ZBED3-AS1,lncRNA,chr5,ZBED3 antisense RNA 1,5q13.3,NR_024398,
103,HGNC:19108,ENSG00000212124.2,15.18615686,1.202636955,0.35859375,3.16E-05,0.007804565,TAS2R19,protein_coding,chr12,taste 2 receptor member 19,12p13.2,NM_176888,613961
104,HGNC:10805,ENSG00000108823.16,200.5775876,-1.181158359,0.500547495,0.000265439,0.037710875,SGCA,protein_coding,chr17,sarcoglycan alpha,17q21.33,NM_000023,600119
105,NA,ENSG00000254987.1,25.1781763,-1.177856241,0.372443035,5.31E-05,0.01168099,AP002989.1,lncRNA,chr11,NA,NA,NA,NA
106,HGNC:16039,ENSG00000167772.12,122.3032018,-1.152812152,0.406984911,0.000202812,0.031181655,ANGPTL4,protein_coding,chr19,angiopoietin like 4,19p13.2,NM_139314,605910
107,HGNC:8956,ENSG00000185133.14,26.1257058,1.151586861,0.501060893,0.000241516,0.035433371,INPP5J,protein_coding,chr22,inositol polyphosphate-5-phosphatase J,22q12.2,NM_001002837,606481
108,HGNC:13770,ENSG00000103742.12,1812.092693,1.150560857,0.282299002,1.44E-06,0.000736212,IGDCC4,protein_coding,chr15,immunoglobulin superfamily DCC subclass member 4,15q22.31,NM_020962,616810
109,HGNC:4128,ENSG00000139629.16,850.0443573,1.144534955,0.219135662,1.19E-08,1.80E-05,GALNT6,protein_coding,chr12,polypeptide N-acetylgalactosaminyltransferase 6,12q13.13,NM_007210,605148
110,HGNC:19098,ENSG00000166831.9,59.47422397,1.134371843,0.319012687,1.50E-05,0.004672379,RBPMS2,protein_coding,chr15,"RNA binding protein, mRNA processing factor 2",15q22.31,NM_194272,
111,HGNC:26374,ENSG00000163749.17,41.60245125,1.114949807,0.362484839,4.58E-05,0.010288497,CCDC158,protein_coding,chr4,coiled-coil domain containing 158,4q21.1,NM_001042784,
112,HGNC:2320,ENSG00000178773.15,41.84228649,-1.11297926,0.404153783,0.000271514,0.038331286,CPNE7,protein_coding,chr16,copine 7,16q24.3,,605689
113,HGNC:29278,ENSG00000088881.20,221.4760846,1.104432439,0.377116772,7.81E-05,0.015513569,EBF4,protein_coding,chr20,EBF family member 4,20p13,NM_001110514,609935
114,HGNC:14061,ENSG00000110031.12,744.8386803,-1.09752997,0.261758416,2.11E-06,0.001005763,LPXN,protein_coding,chr11,leupaxin,11q12.1,NM_004811,605390
115,HGNC:9165,ENSG00000108387.14,112.0278352,1.093971311,0.410464636,0.000102332,0.019302957,4-Sep,protein_coding,chr17,septin 4,17q22,NM_080417,603696
116,HGNC:34500,ENSG00000196972.9,68.40268343,1.08651555,0.332266779,1.82E-05,0.005454319,SMIM10L2B,protein_coding,chrX,small integral membrane protein 10 like 2B,Xq26.3,,
117,HGNC:6289,ENSG00000135643.5,390.7455137,1.076496155,0.518265068,0.000277655,0.038711314,KCNMB4,protein_coding,chr12,potassium calcium-activated channel subfamily M regulatory beta subunit 4,12q15,NM_014505,605223
118,HGNC:4814,ENSG00000160145.15,365.4774576,1.064544469,0.30684458,1.87E-05,0.005534113,KALRN,protein_coding,chr3,kalirin RhoGEF kinase,3q21.1-q21.2,NM_003947,604605
119,HGNC:25012,ENSG00000119862.13,335.0332658,1.06340596,0.245302356,3.27E-07,0.000222425,LGALSL,protein_coding,chr2,galectin like,2p14,NM_014181,617902
120,HGNC:26215,ENSG00000121316.11,83.76310765,1.059101205,0.318528577,3.02E-05,0.007520361,PLBD1,protein_coding,chr12,phospholipase B domain containing 1,12p13.1,NM_024829,
121,HGNC:10735,ENSG00000095539.15,193.3095799,1.055879084,0.307086095,6.44E-06,0.002521346,SEMA4G,protein_coding,chr10,semaphorin 4G,10q24.31,,
122,NA,ENSG00000259683.1,53.69512104,1.038896104,0.326936706,2.89E-05,0.007475053,AC243562.2,unprocessed_pseudogene,chr15,NA,NA,NA,NA
123,HGNC:3157,ENSG00000158813.18,63.67480916,1.036080838,0.398161538,0.000113106,0.020532776,EDA,protein_coding,chrX,ectodysplasin A,Xq13.1,NM_001399,300451
124,HGNC:3228,ENSG00000108947.5,370.7282693,1.032404058,0.305076155,3.39E-05,0.008092869,EFNB3,protein_coding,chr17,ephrin B3,17p13.1,NM_001406,602297
125,HGNC:7899,ENSG00000107281.10,414.0187203,-1.021877282,0.237255738,7.56E-07,0.000435261,NPDC1,protein_coding,chr9,"neural proliferation, differentiation and control 1",9q34.3,NM_015392,605798
126,HGNC:28248,ENSG00000235961.5,43.5741325,1.019767424,0.302548528,2.93E-05,0.007475053,PNMA6A,protein_coding,chrX,PNMA family member 6A,Xq28,NM_032882,300917
127,HGNC:48500,ENSG00000235370.6,44.30620002,1.009656379,0.427666083,0.000230988,0.034562373,DNM1P51,transcribed_unprocessed_pseudogene,chr15,dynamin 1 pseudogene 51,15q25.2,,
128,HGNC:52472,ENSG00000237484.6,49.04969657,-1.004997445,0.362029641,0.000136349,0.023186612,LINC01684,lncRNA,chr21,long intergenic non-protein coding RNA 1684,21q21.2,,
129,HGNC:6896,ENSG00000116141.15,260.9054935,0.979527544,0.200122257,7.23E-08,8.54E-05,MARK1,protein_coding,chr1,microtubule affinity regulating kinase 1,1q41,,606511
130,HGNC:4684,ENSG00000152402.10,1196.812891,0.958396933,0.310817604,7.52E-05,0.015212443,GUCY1A2,protein_coding,chr11,guanylate cyclase 1 soluble subunit alpha 2,11q22.3,NM_001256424,601244
131,HGNC:14543,ENSG00000196632.10,314.5112969,0.921537145,0.338082454,0.000113215,0.020532776,WNK3,protein_coding,chrX,WNK lysine deficient protein kinase 3,Xp11.22,NM_020922,300358
132,HGNC:26951,ENSG00000180190.11,140.4961764,0.919524774,0.26729586,1.28E-05,0.004111469,TDRP,protein_coding,chr8,testis development related protein,8p23.3,NM_175075,
133,HGNC:4478,ENSG00000147145.12,54.49969436,0.912017753,0.289766119,3.66E-05,0.008560735,LPAR4,protein_coding,chrX,lysophosphatidic acid receptor 4,Xq21.1,NM_005296,300086
134,HGNC:7737,ENSG00000100285.9,53.69823493,0.882489083,0.311834295,0.000155922,0.025735206,NEFH,protein_coding,chr22,neurofilament heavy,22q12.2,NM_021076,162230
135,HGNC:30265,ENSG00000156675.15,408.8106519,0.879422181,0.192680902,1.42E-07,0.000138269,RAB11FIP1,protein_coding,chr8,RAB11 family interacting protein 1,8p11.23,NM_025151,608737
136,HGNC:17930,ENSG00000172733.11,83.33273006,0.860790205,0.328286354,0.000325996,0.043299629,PURG,protein_coding,chr8,purine rich element binding protein G,8p12,NM_013357,618041
137,HGNC:20718,ENSG00000169918.9,35.04384052,0.859197647,0.260027976,2.73E-05,0.007475053,OTUD7A,protein_coding,chr15,OTU deubiquitinase 7A,15q13.3,NM_130901,612024
138,HGNC:14428,ENSG00000204764.14,315.3195412,0.858653066,0.263579449,5.74E-05,0.012395426,RANBP17,protein_coding,chr5,RAN binding protein 17,5q35.1,NM_022897,606141
139,HGNC:19262,ENSG00000100767.16,131.4066671,0.842662947,0.443427983,0.000378721,0.048301996,PAPLN,protein_coding,chr14,"papilin, proteoglycan like sulfated glycoprotein",14q24.2,NM_173462,617785
140,HGNC:14632,ENSG00000178031.17,4571.640002,-0.839241701,0.321266868,0.000325038,0.043299629,ADAMTSL1,protein_coding,chr9,ADAMTS like 1,9p22.2-p22.1,,609198
141,HGNC:19322,ENSG00000175175.6,57.90882505,0.814605482,0.246181622,3.00E-05,0.007520361,PPM1E,protein_coding,chr17,"protein phosphatase, Mg2+/Mn2+ dependent 1E",17q24.2,NM_014906,
142,HGNC:13433,ENSG00000154134.15,324.3336995,0.797786309,0.242469465,2.91E-05,0.007475053,ROBO3,protein_coding,chr11,roundabout guidance receptor 3,11q24.2,NM_022370,608630
143,HGNC:43755,ENSG00000224189.8,516.5813876,0.760039014,0.311375956,0.000211786,0.03212142,HAGLR,lncRNA,chr2,HOXD antisense growth-associated long non-coding RNA,2q31.1,NR_033979,618209
144,HGNC:9636,ENSG00000184489.11,102.4899373,0.753460791,0.202944672,7.20E-06,0.002739262,PTP4A3,protein_coding,chr8,protein tyrosine phosphatase 4A3,8q24.3,NM_032611,606449
145,HGNC:21296,ENSG00000177106.16,921.6114317,-0.745461858,0.180569836,1.96E-06,0.000957921,EPS8L2,protein_coding,chr11,EPS8 like 2,11p15.5,NM_022772,614988
146,HGNC:42951,ENSG00000228594.4,287.0040215,-0.732350459,0.221830364,3.28E-05,0.007922526,FNDC10,protein_coding,chr1,fibronectin type III domain containing 10,1p36.33,NM_001242659,
147,HGNC:471,ENSG00000078053.17,473.9671954,0.700971332,0.236064915,9.21E-05,0.017705025,AMPH,protein_coding,chr7,amphiphysin,7p14.1,NM_001635,600418
148,HGNC:9662,ENSG00000198053.11,5180.431741,-0.676953084,0.244504314,0.000297672,0.040496042,SIRPA,protein_coding,chr20,signal regulatory protein alpha,20p13,NM_080792,602461
149,HGNC:13996,ENSG00000019485.13,322.2748093,0.668665208,0.182993907,7.81E-06,0.00287393,PRDM11,protein_coding,chr11,PR/SET domain 11,11p11.2,NM_020229,616347
150,HGNC:18657,ENSG00000085831.15,29.97289683,0.667955891,0.268623029,0.000382792,0.048545357,TTC39A,protein_coding,chr1,tetratricopeptide repeat domain 39A,1p32.3,,
151,NA,ENSG00000006025.12,274.670685,0.656907289,0.244439145,7.93E-05,0.015617916,AC003665.1,protein_coding,chr17,NA,NA,NA,NA
152,HGNC:18866,ENSG00000162687.17,201.4880934,0.654011083,0.254855405,0.000293534,0.040176509,KCNT2,protein_coding,chr1,potassium sodium-activated channel subfamily T member 2,1q31.3,NM_198503,610044
153,HGNC:8794,ENSG00000113231.13,136.1591871,0.632072511,0.230681454,0.000176888,0.028160252,PDE8B,protein_coding,chr5,phosphodiesterase 8B,5q13.3,NM_003719,603390
154,HGNC:12326,ENSG00000067445.20,887.9160849,0.602332212,0.223892713,0.000158007,0.025888999,TRO,protein_coding,chrX,trophinin,Xp11.21,NM_016157,300132
155,HGNC:11034,ENSG00000050438.17,418.8805721,0.582253566,0.171958658,2.85E-05,0.007475053,SLC4A8,protein_coding,chr12,solute carrier family 4 member 8,12q13.13,NM_004858,605024
156,HGNC:21408,ENSG00000146281.6,292.3988128,0.521691774,0.204967363,0.000355892,0.045649798,PM20D2,protein_coding,chr6,peptidase M20 domain containing 2,6q15,NM_001010853,615913
157,HGNC:273,ENSG00000041880.14,908.6682801,-0.516782548,0.132069201,5.56E-06,0.002309963,PARP3,protein_coding,chr3,poly(ADP-ribose) polymerase family member 3,3p21.2,NM_005485.4,607726
158,HGNC:6015,ENSG00000077238.14,1090.041235,-0.480181129,0.185908867,0.000353144,0.045557646,IL4R,protein_coding,chr16,interleukin 4 receptor,16p12.1,,147781
159,HGNC:6492,ENSG00000135862.6,47673.34537,-0.473476364,0.156757404,0.000104424,0.019533305,LAMC1,protein_coding,chr1,laminin subunit gamma 1,1q25.3,NM_002293,150290
160,HGNC:8828,ENSG00000139946.10,1162.080307,0.447881878,0.127380406,1.91E-05,0.005558231,PELI2,protein_coding,chr14,pellino E3 ubiquitin protein ligase family member 2,14q22.3,,614798
161,HGNC:777,ENSG00000140836.17,3526.082879,0.420639364,0.149879393,0.000141894,0.02394804,ZFHX3,protein_coding,chr16,zinc finger homeobox 3,16q22.2-q22.3,NM_006885,104155
162,HGNC:7715,ENSG00000110717.13,886.0468739,-0.281457775,0.077109716,1.02E-05,0.003591845,NDUFS8,protein_coding,chr11,NADH:ubiquinone oxidoreductase core subunit S8,11q13.2,NM_002496,602141
163,NA,ENSG00000286913.1,18.3563619,-0.020126136,0.045761817,0.000335132,0.043736615,AC092943.2,lncRNA,chr3,NA,NA,NA,NA
164,HGNC:9037,ENSG00000105499.14,82.78309355,-0.01786162,0.043918113,0.000127828,0.022341699,PLA2G4C,protein_coding,chr19,phospholipase A2 group IVC,19q13.33,,603602
165,HGNC:26203,ENSG00000128298.17,37.89041338,-0.017156932,0.043437341,0.000148347,0.024666178,BAIAP2L2,protein_coding,chr22,BAR/IMD domain containing adaptor protein 2 like 2,22q13.1,NM_025045,617536
166,HGNC:19382,ENSG00000120833.14,385.0055304,-0.015854754,0.042595432,4.54E-05,0.010288497,SOCS2,protein_coding,chr12,suppressor of cytokine signaling 2,12q,,605117
167,HGNC:6269,ENSG00000121361.5,70.73809823,-0.010562819,0.03967378,0.000274326,0.038486173,KCNJ8,protein_coding,chr12,potassium inwardly rectifying channel subfamily J member 8,12p12.1,NM_004982,600935
168,HGNC:45114,ENSG00000237523.2,33.62953756,-0.010523416,0.039654748,0.000331472,0.043512029,LINC00857,lncRNA,chr10,long intergenic non-protein coding RNA 857,10q22.3,NR_038464,
169,HGNC:8739,ENSG00000163710.9,74.22140966,-0.009861335,0.039377824,0.00028054,0.038872168,PCOLCE2,protein_coding,chr3,procollagen C-endopeptidase enhancer 2,3q23,NM_013363,607064
170,NA,ENSG00000258773.2,5.055030535,-0.00712932,0.038477101,0.000339848,0.044095705,AC087636.1,lncRNA,chr15,NA,NA,NA,NA
171,HGNC:6299,ENSG00000185760.15,74.57933922,-0.007045637,0.038458452,0.000237645,0.035094871,KCNQ5,protein_coding,chr6,potassium voltage-gated channel subfamily Q member 5,6q13,NM_019842,607357
172,HGNC:26780,ENSG00000179284.5,5.128055392,-0.006934607,0.038432939,0.000113426,0.020532776,DAND5,protein_coding,chr19,DAN domain BMP antagonist family member 5,19p13.13,NM_152654,609068
173,HGNC:10585,ENSG00000144285.20,63.70145251,-0.006818172,0.0384251,5.06E-07,0.000315316,SCN1A,protein_coding,chr2,sodium voltage-gated channel alpha subunit 1,2q24.3,NM_006920,182389
174,HGNC:382,ENSG00000198074.10,6.107685054,-0.006626677,0.038351928,0.000128395,0.022341699,AKR1B10,protein_coding,chr7,aldo-keto reductase family 1 member B10,7q33,NM_020299,604707
175,HGNC:24235,ENSG00000163606.11,24.98004328,-0.006471148,0.038299962,0.000218152,0.03286484,CD200R1,protein_coding,chr3,CD200 receptor 1,3q13.2,NM_138806,607546
176,HGNC:2227,ENSG00000105664.11,1861.377502,-0.005939905,0.038180305,0.0001858,0.028962874,COMP,protein_coding,chr19,cartilage oligomeric matrix protein,19p13.11,NM_000095,600310
177,HGNC:23206,ENSG00000187398.12,878.4241083,0.002570856,0.037622773,0.000260099,0.037444762,LUZP2,protein_coding,chr11,leucine zipper protein 2,11p14.3,NM_001009909,608178
,,,,,,,,,,,,,,
,,,,,,,,,,,,,,
,,,,,,,,,,,,,,
,,,,,,,,,,,,,,
,,,,,,,,,,,,,,
,,,,,,,,,,,,,,
,,,,,,,,,,,,,,
,,,,,,,,,,,,,,
,,,,,,,,,,,,,,
,,,,,,,,,,,,,,
,,,,,,,,,,,,,,
,,,,,,,,,,,,,,
,,,,,,,,,,,,,,
,,,,,,,,,,,,,,
,,,,,,,,,,,,,,
,,,,,,,,,,,,,,
,,,,,,,,,,,,,,
,,,,,,,,,,,,,,
,,,,,,,,,,,,,,
,,,,,,,,,,,,,,
,,,,,,,,,,,,,,
,,,,,,,,,,,,,,
,,,,,,,,,,,,,,
,,,,,,,,,,,,,,
,,,,,,,,,,,,,,
,,,,,,,,,,,,,,
,,,,,,,,,,,,,,
,,,,,,,,,,,,,,
,,,,,,,,,,,,,,
,,,,,,,,,,,,,,
,,,,,,,,,,,,,,
,,,,,,,,,,,,,,
,,,,,,,,,,,,,,
,,,,,,,,,,,,,,
,,,,,,,,,,,,,,
,,,,,,,,,,,,,,
,,,,,,,,,,,,,,
,,,,,,,,,,,,,,
,,,,,,,,,,,,,,
,,,,,,,,,,,,,,
,,,,,,,,,,,,,,
,,,,,,,,,,,,,,
,,,,,,,,,,,,,,
,,,,,,,,,,,,,,
,,,,,,,,,,,,,,
,,,,,,,,,,,,,,
,,,,,,,,,,,,,,
,,,,,,,,,,,,,,
,,,,,,,,,,,,,,
,,,,,,,,,,,,,,
,,,,,,,,,,,,,,
,,,,,,,,,,,,,,
,,,,,,,,,,,,,,
,,,,,,,,,,,,,,
,,,,,,,,,,,,,,
,,,,,,,,,,,,,,
,,,,,,,,,,,,,,
,,,,,,,,,,,,,,
,,,,,,,,,,,,,,
,,,,,,,,,,,,,,
,,,,,,,,,,,,,,
,,,,,,,,,,,,,,
,,,,,,,,,,,,,,
,,,,,,,,,,,,,,
,,,,,,,,,,,,,,
,,,,,,,,,,,,,,
,,,,,,,,,,,,,,
,,,,,,,,,,,,,,
,,,,,,,,,,,,,,
,,,,,,,,,,,,,,
,,,,,,,,,,,,,,
,,,,,,,,,,,,,,
,,,,,,,,,,,,,,
,,,,,,,,,,,,,,
,,,,,,,,,,,,,,
,,,,,,,,,,,,,,
,,,,,,,,,,,,,,
,,,,,,,,,,,,,,
,,,,,,,,,,,,,,
,,,,,,,,,,,,,,
,,,,,,,,,,,,,,
,,,,,,,,,,,,,,
,,,,,,,,,,,,,,
,,,,,,,,,,,,,,
,,,,,,,,,,,,,,
,,,,,,,,,,,,,,
,,,,,,,,,,,,,,
,,,,,,,,,,,,,,
,,,,,,,,,,,,,,
,,,,,,,,,,,,,,
,,,,,,,,,,,,,,
,,,,,,,,,,,,,,
,,,,,,,,,,,,,,
,,,,,,,,,,,,,,
,,,,,,,,,,,,,,
,,,,,,,,,,,,,,
,,,,,,,,,,,,,,
,,,,,,,,,,,,,,
,,,,,,,,,,,,,,
,,,,,,,,,,,,,,
,,,,,,,,,,,,,,
,,,,,,,,,,,,,,
,,,,,,,,,,,,,,
,,,,,,,,,,,,,,
,,,,,,,,,,,,,,
,,,,,,,,,,,,,,
,,,,,,,,,,,,,,
,,,,,,,,,,,,,,
,,,,,,,,,,,,,,
,,,,,,,,,,,,,,
,,,,,,,,,,,,,,
,,,,,,,,,,,,,,
,,,,,,,,,,,,,,
,,,,,,,,,,,,,,
,,,,,,,,,,,,,,
,,,,,,,,,,,,,,
,,,,,,,,,,,,,,
,,,,,,,,,,,,,,
,,,,,,,,,,,,,,
,,,,,,,,,,,,,,
,,,,,,,,,,,,,,
,,,,,,,,,,,,,,
,,,,,,,,,,,,,,
,,,,,,,,,,,,,,
,,,,,,,,,,,,,,
,,,,,,,,,,,,,,
,,,,,,,,,,,,,,
,,,,,,,,,,,,,,
,,,,,,,,,,,,,,
,,,,,,,,,,,,,,
,,,,,,,,,,,,,,
,,,,,,,,,,,,,,
,,,,,,,,,,,,,,
,,,,,,,,,,,,,,
,,,,,,,,,,,,,,
,,,,,,,,,,,,,,
,,,,,,,,,,,,,,
,,,,,,,,,,,,,,
,,,,,,,,,,,,,,
,,,,,,,,,,,,,,
,,,,,,,,,,,,,,
,,,,,,,,,,,,,,
,,,,,,,,,,,,,,
,,,,,,,,,,,,,,
,,,,,,,,,,,,,,
,,,,,,,,,,,,,,
,,,,,,,,,,,,,,
,,,,,,,,,,,,,,
,,,,,,,,,,,,,,
,,,,,,,,,,,,,,
,,,,,,,,,,,,,,
,,,,,,,,,,,,,,
,,,,,,,,,,,,,,
,,,,,,,,,,,,,,
,,,,,,,,,,,,,,
,,,,,,,,,,,,,,
,,,,,,,,,,,,,,
,,,,,,,,,,,,,,
,,,,,,,,,,,,,,
,,,,,,,,,,,,,,
,,,,,,,,,,,,,,
,,,,,,,,,,,,,,
,,,,,,,,,,,,,,
,,,,,,,,,,,,,,
,,,,,,,,,,,,,,
,,,,,,,,,,,,,,
,,,,,,,,,,,,,,
,,,,,,,,,,,,,,
,,,,,,,,,,,,,,
,,,,,,,,,,,,,,
,,,,,,,,,,,,,,
,,,,,,,,,,,,,,
,,,,,,,,,,,,,,
,,,,,,,,,,,,,,
,,,,,,,,,,,,,,
,,,,,,,,,,,,,,
,,,,,,,,,,,,,,
,,,,,,,,,,,,,,
,,,,,,,,,,,,,,
,,,,,,,,,,,,,,
,,,,,,,,,,,,,,
,,,,,,,,,,,,,,
,,,,,,,,,,,,,,
,,,,,,,,,,,,,,
,,,,,,,,,,,,,,
,,,,,,,,,,,,,,
,,,,,,,,,,,,,,
,,,,,,,,,,,,,,
,,,,,,,,,,,,,,
,,,,,,,,,,,,,,
,,,,,,,,,,,,,,
,,,,,,,,,,,,,,
,,,,,,,,,,,,,,
,,,,,,,,,,,,,,
,,,,,,,,,,,,,,
,,,,,,,,,,,,,,
,,,,,,,,,,,,,,
,,,,,,,,,,,,,,
,,,,,,,,,,,,,,
,,,,,,,,,,,,,,
,,,,,,,,,,,,,,
,,,,,,,,,,,,,,
,,,,,,,,,,,,,,
,,,,,,,,,,,,,,
,,,,,,,,,,,,,,
,,,,,,,,,,,,,,
,,,,,,,,,,,,,,
,,,,,,,,,,,,,,
,,,,,,,,,,,,,,
,,,,,,,,,,,,,,
,,,,,,,,,,,,,,
,,,,,,,,,,,,,,
,,,,,,,,,,,,,,
,,,,,,,,,,,,,,
,,,,,,,,,,,,,,
,,,,,,,,,,,,,,
,,,,,,,,,,,,,,
,,,,,,,,,,,,,,
,,,,,,,,,,,,,,
,,,,,,,,,,,,,,
,,,,,,,,,,,,,,
,,,,,,,,,,,,,,
,,,,,,,,,,,,,,
,,,,,,,,,,,,,,
,,,,,,,,,,,,,,
,,,,,,,,,,,,,,
,,,,,,,,,,,,,,
,,,,,,,,,,,,,,
,,,,,,,,,,,,,,
,,,,,,,,,,,,,,
,,,,,,,,,,,,,,
,,,,,,,,,,,,,,
,,,,,,,,,,,,,,
,,,,,,,,,,,,,,
,,,,,,,,,,,,,,
,,,,,,,,,,,,,,
,,,,,,,,,,,,,,
,,,,,,,,,,,,,,
,,,,,,,,,,,,,,
,,,,,,,,,,,,,,
,,,,,,,,,,,,,,
,,,,,,,,,,,,,,
,,,,,,,,,,,,,,
,,,,,,,,,,,,,,
,,,,,,,,,,,,,,
,,,,,,,,,,,,,,
,,,,,,,,,,,,,,
,,,,,,,,,,,,,,
,,,,,,,,,,,,,,
,,,,,,,,,,,,,,
,,,,,,,,,,,,,,
,,,,,,,,,,,,,,
,,,,,,,,,,,,,,
,,,,,,,,,,,,,,
,,,,,,,,,,,,,,
,,,,,,,,,,,,,,
,,,,,,,,,,,,,,
,,,,,,,,,,,,,,
,,,,,,,,,,,,,,
,,,,,,,,,,,,,,
,,,,,,,,,,,,,,
,,,,,,,,,,,,,,
,,,,,,,,,,,,,,
,,,,,,,,,,,,,,
,,,,,,,,,,,,,,
,,,,,,,,,,,,,,
,,,,,,,,,,,,,,
,,,,,,,,,,,,,,
,,,,,,,,,,,,,,
,,,,,,,,,,,,,,
,,,,,,,,,,,,,,
,,,,,,,,,,,,,,
,,,,,,,,,,,,,,
,,,,,,,,,,,,,,
,,,,,,,,,,,,,,
,,,,,,,,,,,,,,
,,,,,,,,,,,,,,
,,,,,,,,,,,,,,
,,,,,,,,,,,,,,
,,,,,,,,,,,,,,
,,,,,,,,,,,,,,
,,,,,,,,,,,,,,
,,,,,,,,,,,,,,
,,,,,,,,,,,,,,
,,,,,,,,,,,,,,
,,,,,,,,,,,,,,
,,,,,,,,,,,,,,
,,,,,,,,,,,,,,
,,,,,,,,,,,,,,
,,,,,,,,,,,,,,
,,,,,,,,,,,,,,
,,,,,,,,,,,,,,
,,,,,,,,,,,,,,
,,,,,,,,,,,,,,
,,,,,,,,,,,,,,
,,,,,,,,,,,,,,
,,,,,,,,,,,,,,
,,,,,,,,,,,,,,
,,,,,,,,,,,,,,
,,,,,,,,,,,,,,
,,,,,,,,,,,,,,
,,,,,,,,,,,,,,
,,,,,,,,,,,,,,
,,,,,,,,,,,,,,
,,,,,,,,,,,,,,
,,,,,,,,,,,,,,
,,,,,,,,,,,,,,
,,,,,,,,,,,,,,
,,,,,,,,,,,,,,
,,,,,,,,,,,,,,
,,,,,,,,,,,,,,
,,,,,,,,,,,,,,
,,,,,,,,,,,,,,
,,,,,,,,,,,,,,
,,,,,,,,,,,,,,
,,,,,,,,,,,,,,
,,,,,,,,,,,,,,
,,,,,,,,,,,,,,
,,,,,,,,,,,,,,
,,,,,,,,,,,,,,
,,,,,,,,,,,,,,
,,,,,,,,,,,,,,
,,,,,,,,,,,,,,
,,,,,,,,,,,,,,
,,,,,,,,,,,,,,
,,,,,,,,,,,,,,
,,,,,,,,,,,,,,
,,,,,,,,,,,,,,
,,,,,,,,,,,,,,
,,,,,,,,,,,,,,
,,,,,,,,,,,,,,
,,,,,,,,,,,,,,
,,,,,,,,,,,,,,
,,,,,,,,,,,,,,
,,,,,,,,,,,,,,
,,,,,,,,,,,,,,
,,,,,,,,,,,,,,
,,,,,,,,,,,,,,
,,,,,,,,,,,,,,
,,,,,,,,,,,,,,
,,,,,,,,,,,,,,
,,,,,,,,,,,,,,
,,,,,,,,,,,,,,
,,,,,,,,,,,,,,
,,,,,,,,,,,,,,
,,,,,,,,,,,,,,
,,,,,,,,,,,,,,
,,,,,,,,,,,,,,
,,,,,,,,,,,,,,
,,,,,,,,,,,,,,
,,,,,,,,,,,,,,
,,,,,,,,,,,,,,
,,,,,,,,,,,,,,
,,,,,,,,,,,,,,
,,,,,,,,,,,,,,
,,,,,,,,,,,,,,
,,,,,,,,,,,,,,
,,,,,,,,,,,,,,
,,,,,,,,,,,,,,
,,,,,,,,,,,,,,
,,,,,,,,,,,,,,
,,,,,,,,,,,,,,
,,,,,,,,,,,,,,
,,,,,,,,,,,,,,
,,,,,,,,,,,,,,
,,,,,,,,,,,,,,
,,,,,,,,,,,,,,
,,,,,,,,,,,,,,
,,,,,,,,,,,,,,
,,,,,,,,,,,,,,
,,,,,,,,,,,,,,
,,,,,,,,,,,,,,
,,,,,,,,,,,,,,
,,,,,,,,,,,,,,
,,,,,,,,,,,,,,
,,,,,,,,,,,,,,
,,,,,,,,,,,,,,
,,,,,,,,,,,,,,
,,,,,,,,,,,,,,
,,,,,,,,,,,,,,
,,,,,,,,,,,,,,
,,,,,,,,,,,,,,
,,,,,,,,,,,,,,
,,,,,,,,,,,,,,
,,,,,,,,,,,,,,
,,,,,,,,,,,,,,
,,,,,,,,,,,,,,
,,,,,,,,,,,,,,
,,,,,,,,,,,,,,
,,,,,,,,,,,,,,
,,,,,,,,,,,,,,
,,,,,,,,,,,,,,
,,,,,,,,,,,,,,
,,,,,,,,,,,,,,
,,,,,,,,,,,,,,
,,,,,,,,,,,,,,
,,,,,,,,,,,,,,
,,,,,,,,,,,,,,
,,,,,,,,,,,,,,
,,,,,,,,,,,,,,
,,,,,,,,,,,,,,
,,,,,,,,,,,,,,
,,,,,,,,,,,,,,
,,,,,,,,,,,,,,
,,,,,,,,,,,,,,
,,,,,,,,,,,,,,
,,,,,,,,,,,,,,
,,,,,,,,,,,,,,
,,,,,,,,,,,,,,
,,,,,,,,,,,,,,
,,,,,,,,,,,,,,
,,,,,,,,,,,,,,
,,,,,,,,,,,,,,
,,,,,,,,,,,,,,
,,,,,,,,,,,,,,
,,,,,,,,,,,,,,
,,,,,,,,,,,,,,
,,,,,,,,,,,,,,
,,,,,,,,,,,,,,
,,,,,,,,,,,,,,
,,,,,,,,,,,,,,
,,,,,,,,,,,,,,
,,,,,,,,,,,,,,
,,,,,,,,,,,,,,
,,,,,,,,,,,,,,
,,,,,,,,,,,,,,
,,,,,,,,,,,,,,
,,,,,,,,,,,,,,
,,,,,,,,,,,,,,
,,,,,,,,,,,,,,
,,,,,,,,,,,,,,
,,,,,,,,,,,,,,
,,,,,,,,,,,,,,
,,,,,,,,,,,,,,
,,,,,,,,,,,,,,
,,,,,,,,,,,,,,
,,,,,,,,,,,,,,
,,,,,,,,,,,,,,
,,,,,,,,,,,,,,
,,,,,,,,,,,,,,
,,,,,,,,,,,,,,
,,,,,,,,,,,,,,
,,,,,,,,,,,,,,
,,,,,,,,,,,,,,
,,,,,,,,,,,,,,
,,,,,,,,,,,,,,
,,,,,,,,,,,,,,
,,,,,,,,,,,,,,
,,,,,,,,,,,,,,
,,,,,,,,,,,,,,
,,,,,,,,,,,,,,
,,,,,,,,,,,,,,
,,,,,,,,,,,,,,
,,,,,,,,,,,,,,
,,,,,,,,,,,,,,
,,,,,,,,,,,,,,
,,,,,,,,,,,,,,
,,,,,,,,,,,,,,
,,,,,,,,,,,,,,
,,,,,,,,,,,,,,
,,,,,,,,,,,,,,
,,,,,,,,,,,,,,
,,,,,,,,,,,,,,
,,,,,,,,,,,,,,
,,,,,,,,,,,,,,
,,,,,,,,,,,,,,
,,,,,,,,,,,,,,
,,,,,,,,,,,,,,
,,,,,,,,,,,,,,
,,,,,,,,,,,,,,
,,,,,,,,,,,,,,
,,,,,,,,,,,,,,
,,,,,,,,,,,,,,
,,,,,,,,,,,,,,
,,,,,,,,,,,,,,
,,,,,,,,,,,,,,
,,,,,,,,,,,,,,
,,,,,,,,,,,,,,
,,,,,,,,,,,,,,
,,,,,,,,,,,,,,
,,,,,,,,,,,,,,
,,,,,,,,,,,,,,
,,,,,,,,,,,,,,
,,,,,,,,,,,,,,
,,,,,,,,,,,,,,
,,,,,,,,,,,,,,
,,,,,,,,,,,,,,
,,,,,,,,,,,,,,
,,,,,,,,,,,,,,
,,,,,,,,,,,,,,
,,,,,,,,,,,,,,
,,,,,,,,,,,,,,
,,,,,,,,,,,,,,
,,,,,,,,,,,,,,
,,,,,,,,,,,,,,
,,,,,,,,,,,,,,
,,,,,,,,,,,,,,
,,,,,,,,,,,,,,
,,,,,,,,,,,,,,
,,,,,,,,,,,,,,
,,,,,,,,,,,,,,
,,,,,,,,,,,,,,
,,,,,,,,,,,,,,
,,,,,,,,,,,,,,
,,,,,,,,,,,,,,
,,,,,,,,,,,,,,
,,,,,,,,,,,,,,
,,,,,,,,,,,,,,
,,,,,,,,,,,,,,
,,,,,,,,,,,,,,
,,,,,,,,,,,,,,
,,,,,,,,,,,,,,
,,,,,,,,,,,,,,
,,,,,,,,,,,,,,
,,,,,,,,,,,,,,
,,,,,,,,,,,,,,
,,,,,,,,,,,,,,
,,,,,,,,,,,,,,
,,,,,,,,,,,,,,
,,,,,,,,,,,,,,
,,,,,,,,,,,,,,
,,,,,,,,,,,,,,
,,,,,,,,,,,,,,
,,,,,,,,,,,,,,
,,,,,,,,,,,,,,
,,,,,,,,,,,,,,
,,,,,,,,,,,,,,
,,,,,,,,,,,,,,
,,,,,,,,,,,,,,
,,,,,,,,,,,,,,
,,,,,,,,,,,,,,
,,,,,,,,,,,,,,
,,,,,,,,,,,,,,
,,,,,,,,,,,,,,
,,,,,,,,,,,,,,
,,,,,,,,,,,,,,
,,,,,,,,,,,,,,
,,,,,,,,,,,,,,
,,,,,,,,,,,,,,
,,,,,,,,,,,,,,
,,,,,,,,,,,,,,
,,,,,,,,,,,,,,
,,,,,,,,,,,,,,
,,,,,,,,,,,,,,
,,,,,,,,,,,,,,
,,,,,,,,,,,,,,
,,,,,,,,,,,,,,
,,,,,,,,,,,,,,
,,,,,,,,,,,,,,
,,,,,,,,,,,,,,
,,,,,,,,,,,,,,
,,,,,,,,,,,,,,
,,,,,,,,,,,,,,
,,,,,,,,,,,,,,
,,,,,,,,,,,,,,
,,,,,,,,,,,,,,
,,,,,,,,,,,,,,
,,,,,,,,,,,,,,
,,,,,,,,,,,,,,
,,,,,,,,,,,,,,
,,,,,,,,,,,,,,
,,,,,,,,,,,,,,
,,,,,,,,,,,,,,
,,,,,,,,,,,,,,
,,,,,,,,,,,,,,
,,,,,,,,,,,,,,
,,,,,,,,,,,,,,
,,,,,,,,,,,,,,
,,,,,,,,,,,,,,
,,,,,,,,,,,,,,
,,,,,,,,,,,,,,
,,,,,,,,,,,,,,
,,,,,,,,,,,,,,
,,,,,,,,,,,,,,
,,,,,,,,,,,,,,
,,,,,,,,,,,,,,
,,,,,,,,,,,,,,
,,,,,,,,,,,,,,
,,,,,,,,,,,,,,
,,,,,,,,,,,,,,
,,,,,,,,,,,,,,
,,,,,,,,,,,,,,
,,,,,,,,,,,,,,
,,,,,,,,,,,,,,
,,,,,,,,,,,,,,
,,,,,,,,,,,,,,
,,,,,,,,,,,,,,
,,,,,,,,,,,,,,
,,,,,,,,,,,,,,
,,,,,,,,,,,,,,
,,,,,,,,,,,,,,
,,,,,,,,,,,,,,
,,,,,,,,,,,,,,
,,,,,,,,,,,,,,
,,,,,,,,,,,,,,
,,,,,,,,,,,,,,
,,,,,,,,,,,,,,
,,,,,,,,,,,,,,
,,,,,,,,,,,,,,
,,,,,,,,,,,,,,
,,,,,,,,,,,,,,
,,,,,,,,,,,,,,
,,,,,,,,,,,,,,
,,,,,,,,,,,,,,
,,,,,,,,,,,,,,
,,,,,,,,,,,,,,
,,,,,,,,,,,,,,
,,,,,,,,,,,,,,
,,,,,,,,,,,,,,
,,,,,,,,,,,,,,
,,,,,,,,,,,,,,
,,,,,,,,,,,,,,
,,,,,,,,,,,,,,
,,,,,,,,,,,,,,
,,,,,,,,,,,,,,
,,,,,,,,,,,,,,
,,,,,,,,,,,,,,
,,,,,,,,,,,,,,
,,,,,,,,,,,,,,
,,,,,,,,,,,,,,
,,,,,,,,,,,,,,
,,,,,,,,,,,,,,
,,,,,,,,,,,,,,
,,,,,,,,,,,,,,
,,,,,,,,,,,,,,
,,,,,,,,,,,,,,
,,,,,,,,,,,,,,
,,,,,,,,,,,,,,
,,,,,,,,,,,,,,
,,,,,,,,,,,,,,
,,,,,,,,,,,,,,
,,,,,,,,,,,,,,
,,,,,,,,,,,,,,
,,,,,,,,,,,,,,
,,,,,,,,,,,,,,
,,,,,,,,,,,,,,
,,,,,,,,,,,,,,
,,,,,,,,,,,,,,
,,,,,,,,,,,,,,
,,,,,,,,,,,,,,
,,,,,,,,,,,,,,
,,,,,,,,,,,,,,
,,,,,,,,,,,,,,
,,,,,,,,,,,,,,
,,,,,,,,,,,,,,
,,,,,,,,,,,,,,
,,,,,,,,,,,,,,
,,,,,,,,,,,,,,
,,,,,,,,,,,,,,
,,,,,,,,,,,,,,
,,,,,,,,,,,,,,
,,,,,,,,,,,,,,
,,,,,,,,,,,,,,
,,,,,,,,,,,,,,
,,,,,,,,,,,,,,
,,,,,,,,,,,,,,
,,,,,,,,,,,,,,
,,,,,,,,,,,,,,
,,,,,,,,,,,,,,
,,,,,,,,,,,,,,
,,,,,,,,,,,,,,
,,,,,,,,,,,,,,
,,,,,,,,,,,,,,
,,,,,,,,,,,,,,
,,,,,,,,,,,,,,
,,,,,,,,,,,,,,
,,,,,,,,,,,,,,
,,,,,,,,,,,,,,
,,,,,,,,,,,,,,
,,,,,,,,,,,,,,
,,,,,,,,,,,,,,
,,,,,,,,,,,,,,
,,,,,,,,,,,,,,
,,,,,,,,,,,,,,
,,,,,,,,,,,,,,
,,,,,,,,,,,,,,
,,,,,,,,,,,,,,
,,,,,,,,,,,,,,
,,,,,,,,,,,,,,
,,,,,,,,,,,,,,
,,,,,,,,,,,,,,
,,,,,,,,,,,,,,
,,,,,,,,,,,,,,
,,,,,,,,,,,,,,
,,,,,,,,,,,,,,
,,,,,,,,,,,,,,
,,,,,,,,,,,,,,
,,,,,,,,,,,,,,
,,,,,,,,,,,,,,
,,,,,,,,,,,,,,
,,,,,,,,,,,,,,
,,,,,,,,,,,,,,
,,,,,,,,,,,,,,
,,,,,,,,,,,,,,
,,,,,,,,,,,,,,
,,,,,,,,,,,,,,
,,,,,,,,,,,,,,
,,,,,,,,,,,,,,
,,,,,,,,,,,,,,
,,,,,,,,,,,,,,
,,,,,,,,,,,,,,
,,,,,,,,,,,,,,
,,,,,,,,,,,,,,
,,,,,,,,,,,,,,
,,,,,,,,,,,,,,
,,,,,,,,,,,,,,
,,,,,,,,,,,,,,
,,,,,,,,,,,,,,
,,,,,,,,,,,,,,
,,,,,,,,,,,,,,
,,,,,,,,,,,,,,
,,,,,,,,,,,,,,
,,,,,,,,,,,,,,
,,,,,,,,,,,,,,
,,,,,,,,,,,,,,
,,,,,,,,,,,,,,
,,,,,,,,,,,,,,
,,,,,,,,,,,,,,
,,,,,,,,,,,,,,
,,,,,,,,,,,,,,
,,,,,,,,,,,,,,
,,,,,,,,,,,,,,
,,,,,,,,,,,,,,
,,,,,,,,,,,,,,
,,,,,,,,,,,,,,
,,,,,,,,,,,,,,
,,,,,,,,,,,,,,
,,,,,,,,,,,,,,
,,,,,,,,,,,,,,
,,,,,,,,,,,,,,
,,,,,,,,,,,,,,
,,,,,,,,,,,,,,
,,,,,,,,,,,,,,
,,,,,,,,,,,,,,
,,,,,,,,,,,,,,
,,,,,,,,,,,,,,
,,,,,,,,,,,,,,
,,,,,,,,,,,,,,
,,,,,,,,,,,,,,
,,,,,,,,,,,,,,
,,,,,,,,,,,,,,
,,,,,,,,,,,,,,
,,,,,,,,,,,,,,
,,,,,,,,,,,,,,
,,,,,,,,,,,,,,
,,,,,,,,,,,,,,
,,,,,,,,,,,,,,
,,,,,,,,,,,,,,
,,,,,,,,,,,,,,
,,,,,,,,,,,,,,
,,,,,,,,,,,,,,
,,,,,,,,,,,,,,
,,,,,,,,,,,,,,
,,,,,,,,,,,,,,
,,,,,,,,,,,,,,
,,,,,,,,,,,,,,
,,,,,,,,,,,,,,
,,,,,,,,,,,,,,
,,,,,,,,,,,,,,
,,,,,,,,,,,,,,
,,,,,,,,,,,,,,
,,,,,,,,,,,,,,
,,,,,,,,,,,,,,
,,,,,,,,,,,,,,
,,,,,,,,,,,,,,
,,,,,,,,,,,,,,
,,,,,,,,,,,,,,
,,,,,,,,,,,,,,
,,,,,,,,,,,,,,
,,,,,,,,,,,,,,
,,,,,,,,,,,,,,
,,,,,,,,,,,,,,
,,,,,,,,,,,,,,
,,,,,,,,,,,,,,
,,,,,,,,,,,,,,
,,,,,,,,,,,,,,
,,,,,,,,,,,,,,
,,,,,,,,,,,,,,
,,,,,,,,,,,,,,
,,,,,,,,,,,,,,
,,,,,,,,,,,,,,
,,,,,,,,,,,,,,
,,,,,,,,,,,,,,
,,,,,,,,,,,,,,
,,,,,,,,,,,,,,
,,,,,,,,,,,,,,
,,,,,,,,,,,,,,
,,,,,,,,,,,,,,
,,,,,,,,,,,,,,
,,,,,,,,,,,,,,
,,,,,,,,,,,,,,
,,,,,,,,,,,,,,
,,,,,,,,,,,,,,
,,,,,,,,,,,,,,
,,,,,,,,,,,,,,
,,,,,,,,,,,,,,
,,,,,,,,,,,,,,
,,,,,,,,,,,,,,
,,,,,,,,,,,,,,
,,,,,,,,,,,,,,
,,,,,,,,,,,,,,
,,,,,,,,,,,,,,
,,,,,,,,,,,,,,
,,,,,,,,,,,,,,
,,,,,,,,,,,,,,
,,,,,,,,,,,,,,
,,,,,,,,,,,,,,
,,,,,,,,,,,,,,
,,,,,,,,,,,,,,
,,,,,,,,,,,,,,
,,,,,,,,,,,,,,
,,,,,,,,,,,,,,
,,,,,,,,,,,,,,
,,,,,,,,,,,,,,
,,,,,,,,,,,,,,
,,,,,,,,,,,,,,
,,,,,,,,,,,,,,
,,,,,,,,,,,,,,
,,,,,,,,,,,,,,
,,,,,,,,,,,,,,
,,,,,,,,,,,,,,
,,,,,,,,,,,,,,