Supplemental Table 1: Significant Reactome Pathways Obtained from Differentially Expressed Genes from Organoid Cells.,,,,,,,,,,,,,,,
Reactome Pathway ID,GeneList,GeneCount/direction,Direction between Organoid Phenotypes,Comparison within Organoid Phenotypes,,,,,,,,,,,
INNATE IMMUNE SYSTEM,ATP6V0D1/CEACAM6/PLAC8/SLC27A2/MUC5B/S100P/ACAA1/CEACAM1/VAMP8/CTSZ/ARPC1B/CD59/FABP5/ARPC2/CYSTM1/CALM1/ACTB/ACTG1/CFL1/RAC1/FTH1/LGALS3/ATP6V0B/HRAS/MUC12/ARPC5/PSMA7/ARPC4/ARPC1A/ATP6V1D/AGPAT2/MUC20/AOC1/NAPRT/MVP/CAP1/ACTR3/NFKBIA/PRSS2/HSPA8/OSTF1/PSMD1/TUBB4B/HSPA1B/PSMC3/PSME2/PSMC4/HMOX2/RAP1B/CTSD/GSDMD/SYK/SERPINB6/VCL/PRSS3/PSMA5/CDA/MAPK3/SLPI/DBNL/CYBA/RAP2B/CPNE1/ATP6V0C/CAB39/CAPN1/DERA/LAMTOR1/CTSS/CFD/LAMP1/RHOF/IQGAP2/RAB5C/CKAP4/HSPA1A/MEF2C/RAP1A/WASL/PADI2/SLC44A2/FRK/TCIRG1/B2M/TNIP2/PSMD2/PLA2G2A/TANK/PSMB10/ICAM3/MYD88/DNM2/PYCARD/ATG5/IMPDH1/PPP2CB/BCL10/FUCA1/SNAP29/PSME3/DHX9/B4GALT1/MAPKAPK3/RAB4B/PRKCD/PYGL/ATP6V0E2/NFKB1/IRAK1/POLR3H/TIMP2/TMBIM1/AGA/PLCG2,-114,DOWN,PIFvsPNI,,,,,,,,,,,
METABOLISM OF LIPIDS,HPGD/TXNRD1/ABHD3/SLC27A2/AKR1C3/FABP1/MVD/DHCR24/ACAA1/ACAT2/ME1/PPP1CA/IDI1/FDPS/ECHS1/FABP5/DBI/ACAA2/AGPAT2/HMGCS1/TRIB3/MGLL/EBP/HACD2/ELOVL6/SGMS2/ORMDL2/ECI1/GSTM4/MBOAT2/PCYT2/PRKAG2/SLC25A1/FDX1/ACER3/INSIG1/PLIN3/ELOVL1/ABHD5/PPARG/LSS/CYP51A1/MOGAT3/HSD17B2/CPNE1/PMVK/SELENOI/SQLE/AGPS/GLTP/ESRRA/SAR1B/PRXL2B/MSMO1/CLOCK/G0S2/ARF3/ACOT7/FADS2/MED8/HACD3/SLC44A2/PLA2G2A/FADS1/ACOT9/MID1IP1/CDS1/SCAP/BDH1/PHYH/LIPH/SC5D/PLEKHA6/ALAS1/HSD17B7/MVK/PITPNM1/PNPLA2/TNFRSF21/DECR2/LDLRAP1/VDR/PIP5K1B/CHKA/ACOT11/NSDHL/GPS2/OXCT1/UGCG/RXRA/ACSF3/FAR2/PLBD1/CPTP/PIP4K2C/FA2H,-96,DOWN,PIFvsPNI,,,,,,,,,,,
METABOLISM OF LIPIDS,ME1/TRIB3/MVD/TXNRD1/ACAT2/AKR1C3/FABP1/IDI1/EBP/FDPS/GPX4/CHPT1/GK/HSD17B2/SLC27A2/ECI1/MGLL/PCYT2/FDX1/DHCR24/MSMO1/SAR1B/PPP1CA/ABHD3/SLC25A1/ELOVL6/HACD3/MID1IP1/LPCAT4/GPX2/CYP51A1/PRKAG2/DEGS1/ESRRA/ORMDL2/LSS/HACD2/SCP2/MOGAT3/HSD17B7/MED8/ACER3/ACAA1/SGMS2/HSD17B11/ABHD5/DECR2/PMVK/FADS2/AGPS/ELOVL1/DGAT1/PIP5K1B/SC5D/MBOAT2/NCOR1/ACSM3/SELENOI/HMGCS1/DHRS7B/FABP5/ACSF3/BDH1/PNPLA2/PRXL2B/ALAS1/CERS2/CDS1/NSDHL/GLTP/NEU1/LIPH/PLEKHA6/FAR2/HACL1/AACS/SYNJ2/MVK/INSIG1/PPARG/DHCR7/FADS1/SEC24A/EPHX2/PPT1/LDLRAP1/SCAP/G0S2/PLBD1/PITPNM1/RXRA/CAV1,-92,DOWN,PIFvsCtrl,,,,,,,,,,,
INFECTIOUS DISEASE,TXNRD1/HBEGF/ATP1B3/SFN/MAP2K2/GALNT1/ARPC1B/YWHAB/DDX5/ARPC2/CALM1/CD9/ACTB/ACTG1/RAC1/TJP1/ARPC5/PSMA7/ARPC4/RANBP1/ARPC1A/IL18/CHMP2B/NFE2L2/ACTR3/NFKBIA/YWHAH/NT5E/YWHAZ/AP2M1/PSMD1/PSMC3/PSME2/PSMC4/GSDMD/SYK/ENTPD5/PSMA5/CHMP3/MAPK3/ST3GAL4/FXYD3/SNRPB/CYBA/IFNGR1/COMT/SFPQ/SNF8/BRMS1/HDAC1/FEN1/MGAT4A/SAR1B/HSPA1A/CDH1/CHMP1A/ST6GALNAC4/GNG12/PRKAR2A/WASL/NOXO1/KPNA2/CORO1A/B2M/PSMD2/KPNA3/PSMB10/TAF15/PYCARD/ANO9/IMPDH1/EPS15/EZH2/PSME3/GUCY2C/GPS2/HLA-F/NCBP1/RANGAP1/SH3GL1/CHMP6/NFKB1/IRAK1/ANO10/SAP30L/NUP93/NUP88/ADCY6/PLCG2,-89,DOWN,PIFvsPNI,,,,,,,,,,,
CELL CYCLE,SFN/TUBA1C/YWHAB/PSMA7/POLD4/CHMP2B/CCND3/YWHAH/YWHAZ/PSMD1/RAB8A/CENPX/TUBB4B/PSMC3/PSME2/PSMC4/TUBB2A/CLIP1/PSMA5/CHMP3/SSNA1/DHFR/PTK6/CDK11A/RBBP8/TK1/TUBA1B/CLSPN/ZWINT/HDAC1/FEN1/MCM7/PCNA/MCM5/MCM6/MCM4/MCM3/TUBB6/SMC4/GINS2/ESCO2/KMT5A/MYBL2/OPTN/RFC2/CDC6/PSMD2/PSMB10/BRCA2/ANAPC15/TUBG1/BRCA1/PPP2CB/RUVBL1/BIRC5/BRCC3/PSME3/CENPM/CHEK1/PRIM1/RRM2/RANGAP1/SMC2/VRK1/TEN1/PCNT/BARD1/CHMP6/CENPS/ACTR1A/NCAPH/NUP93/E2F4/RFC4/NUP88/MCM2/RFC3/KIF23/FOXM1,-79,DOWN,PIFvsPNI,,,,,,,,,,,
CELLULAR RESPONSES TO STIMULI,ID1/ATP6V0D1/TXNRD1/FABP1/ME1/CEBPG/HIGD1A/BLVRB/CYCS/LMNA/ATP6V0B/PSMA7/ATP6V1D/TRIB3/NFE2L2/DNAJA1/HSPA8/TALDO1/PSMD1/HSPA1B/PSMC3/PSME2/GCLM/PSMC4/HMOX2/FKBP5/HM13/ATF4/PSMA5/HERPUD1/MAPK3/CEBPB/NQO1/CYBA/ATP6V0C/LAMTOR1/PTK6/HSPH1/UFD1/ATF3/HSPA1A/MEF2C/CLOCK/SESN2/PPP1R15A/MAP3K5/YIF1A/SCO2/TCIRG1/BAG1/PSMD2/EXOSC8/SRXN1/PSMB10/ANAPC15/G6PD/STAP2/BRCA1/DNAJB11/EZH2/PSME3/MAPKAPK3/RXRA/DNAJA4/EPAS1/MAFG/PRKCD/RRAGC/ATP6V0E2/EDEM1/SRPRB/HSPA13/NFKB1/ACTR1A/NUP93/MTOR/NUP88,-77,DOWN,PIFvsPNI,,,,,,,,,,,
CELLULAR RESPONSES TO STRESS,ID1/ATP6V0D1/TXNRD1/FABP1/ME1/CEBPG/HIGD1A/BLVRB/CYCS/LMNA/ATP6V0B/PSMA7/ATP6V1D/TRIB3/NFE2L2/DNAJA1/HSPA8/TALDO1/PSMD1/HSPA1B/PSMC3/PSME2/GCLM/PSMC4/HMOX2/FKBP5/HM13/ATF4/PSMA5/HERPUD1/MAPK3/CEBPB/NQO1/CYBA/ATP6V0C/LAMTOR1/PTK6/HSPH1/UFD1/ATF3/HSPA1A/MEF2C/CLOCK/SESN2/PPP1R15A/MAP3K5/YIF1A/SCO2/TCIRG1/BAG1/PSMD2/EXOSC8/SRXN1/PSMB10/ANAPC15/G6PD/STAP2/BRCA1/DNAJB11/EZH2/PSME3/MAPKAPK3/RXRA/DNAJA4/EPAS1/MAFG/PRKCD/RRAGC/ATP6V0E2/EDEM1/SRPRB/HSPA13/NFKB1/ACTR1A/NUP93/MTOR/NUP88,-77,DOWN,PIFvsPNI,,,,,,,,,,,
CELLULAR RESPONSES TO STIMULI,ID1/ME1/CHAC1/CEBPB/TRIB3/TXNRD1/HSPA1A/CEBPG/FABP1/ATP6V0B/ATF4/CYCS/EIF2S2/COX7A2L/HIGD1A/HERPUD1/PRDX6/PSMA5/HSPA1B/ATP6V0D1/BLVRB/SCO2/MAP3K5/YIF1A/PSMC4/EXOSC8/SESN2/CREB3L1/GPX2/HSPA13/NQO1/SLC7A11/RHEB/SRPRB/HMOX2/NFE2L2/PSMA3/GPX8/GCLM/NUP42/HSPA8/FKBP5/MAPK3/DNAJB11/ATP6V1D/PSMC2/NCOR1/HM13/DNAJA1/FNIP2/AJUBA/HIRA/LAMTOR3/STAP2/GRB10/MAFG/TFDP1/NUP35/ANAPC7/NFKB1/SRXN1/RNF2/RPA2/KDELR3/ATP6V0E2/ATF3/WIPI1/MT1E/GFPT1/RRAGC/VEGFA/RXRA/BRCA1/CREBRF,-74,DOWN,PIFvsCtrl,,,,,,,,,,,
NEUTROPHIL DEGRANULATION,CEACAM6/PLAC8/SLC27A2/S100P/ACAA1/CEACAM1/VAMP8/CTSZ/CD59/FABP5/CYSTM1/RAC1/FTH1/LGALS3/ARPC5/ATP6V1D/AGPAT2/AOC1/NAPRT/MVP/CAP1/PRSS2/HSPA8/OSTF1/PSMD1/TUBB4B/HSPA1B/PSMC3/HMOX2/RAP1B/CTSD/GSDMD/SERPINB6/VCL/PRSS3/PSMA5/CDA/SLPI/DBNL/CYBA/RAP2B/CPNE1/ATP6V0C/CAB39/CAPN1/DERA/LAMTOR1/CTSS/CFD/LAMP1/RHOF/IQGAP2/RAB5C/CKAP4/HSPA1A/RAP1A/PADI2/SLC44A2/FRK/TCIRG1/B2M/PSMD2/PYCARD/IMPDH1/FUCA1/SNAP29/B4GALT1/RAB4B/PRKCD/PYGL/NFKB1/TIMP2/TMBIM1/AGA,-74,DOWN,PIFvsPNI,,,,,,,,,,,
CELLULAR RESPONSES TO STRESS,ID1/ME1/CHAC1/CEBPB/TRIB3/TXNRD1/HSPA1A/CEBPG/FABP1/ATP6V0B/ATF4/CYCS/EIF2S2/COX7A2L/HIGD1A/HERPUD1/PRDX6/PSMA5/HSPA1B/ATP6V0D1/BLVRB/SCO2/MAP3K5/YIF1A/PSMC4/EXOSC8/SESN2/CREB3L1/GPX2/HSPA13/NQO1/SLC7A11/RHEB/SRPRB/HMOX2/NFE2L2/PSMA3/GPX8/GCLM/NUP42/HSPA8/FKBP5/MAPK3/DNAJB11/ATP6V1D/PSMC2/NCOR1/HM13/DNAJA1/FNIP2/AJUBA/HIRA/LAMTOR3/STAP2/GRB10/MAFG/TFDP1/NUP35/ANAPC7/NFKB1/SRXN1/RNF2/RPA2/KDELR3/ATP6V0E2/ATF3/WIPI1/GFPT1/RRAGC/VEGFA/RXRA/BRCA1/CREBRF,-73,DOWN,PIFvsCtrl,,,,,,,,,,,
"CELL CYCLE, MITOTIC",TUBA1C/PSMA7/POLD4/CHMP2B/CCND3/PSMD1/RAB8A/TUBB4B/PSMC3/PSME2/PSMC4/TUBB2A/CLIP1/PSMA5/CHMP3/SSNA1/DHFR/PTK6/CDK11A/TK1/TUBA1B/ZWINT/HDAC1/FEN1/MCM7/PCNA/MCM5/MCM6/MCM4/MCM3/TUBB6/SMC4/GINS2/ESCO2/KMT5A/MYBL2/OPTN/RFC2/CDC6/PSMD2/PSMB10/ANAPC15/TUBG1/PPP2CB/BIRC5/PSME3/CENPM/PRIM1/RRM2/RANGAP1/SMC2/VRK1/PCNT/CHMP6/CENPS/ACTR1A/NCAPH/NUP93/E2F4/RFC4/NUP88/MCM2/RFC3/KIF23/FOXM1,-65,DOWN,PIFvsPNI,,,,,,,,,,,
NEUTROPHIL DEGRANULATION,PLAC8/NAPRT/S100P/HSPA1A/CYSTM1/RAC1/LGALS3/FTH1/MGST1/PRSS2/B2M/PRDX6/SLC27A2/PSMA5/HSPA1B/CKAP4/PIGR/PYGL/CAB39/VAMP8/GSDMD/CEACAM1/CTSS/IQGAP2/DEGS1/AOC1/BRI3/CTSZ/CD59/RAP1B/GDI2/HMOX2/SLPI/ACAA1/OSTF1/HSPA8/CDA/PGRMC1/DGAT1/ATP6V1D/PADI2/FUCA1/DBNL/PSMC2/MVP/FABP5/RAP1A/QPCT/PRSS3/DERA/NEU1/LAMTOR3/KCMF1/GYG1/B4GALT1/NIT2/NFKB1/RAP2B/CFD/DSN1/TMBIM1/TIMP2/CTSD/STBD1,-64,DOWN,PIFvsCtrl,,,,,,,,,,,
SIGNALING BY RECEPTOR TYROSINE KINASES,ID1/ID3/EREG/FGFBP1/ATP6V0D1/HBEGF/ID2/JUNB/AREG/MAP2K2/YWHAB/CALM1/RAC1/ATP6V0B/HRAS/ADAP1/ATP6V1D/MUC20/TRIB3/HNRNPF/ARF6/HNRNPM/STUB1/AP2M1/EGR1/RAP1B/CTSD/RALA/HSPB1/MAPK3/LAMA3/CYBA/ATP6V0C/PTK6/HDAC1/MEF2C/PAG1/RAP1A/TCIRG1/DNM2/FOSB/ITGA3/PPP2CB/SGK1/EPS15/MST1R/CHEK1/MAPKAPK3/PRR5/LAMB3/RAB4B/NCBP1/SOCS6/SH3GL1/BCAR1/ESRP2/PRKCD/LAMC2/ATP6V0E2/ERBIN/IL2RG/MTOR/SRF,-63,DOWN,PIFvsPNI,,,,,,,,,,,
AMINO ACID AND DERIVATIVE METABOLISM,PSAT1/SLC7A5/TXNRD1/SLC3A2/PHGDH/TST/ETHE1/CKB/ECHS1/OAZ1/PSMA7/ODC1/ASL/MPST/PSMD1/PSMC3/PSME2/PSMC4/AMD1/PAPSS2/PSMA5/PXMP2/NQO1/SLC25A10/SERINC2/PSPH/HSD17B10/EEF1E1/AIMP2/SRM/GAMT/ADI1/PSMD2/PSMB10/SQOR/PHYKPL/CKMT1B/PYCR1/SLC6A8/PSME3/ASS1/OGDH/ALDH7A1/ASRGL1,-44,DOWN,PIFvsPNI,,,,,,,,,,,
AMINO ACID AND DERIVATIVE METABOLISM,PSAT1/SLC7A5/SLC3A2/TXNRD1/PHGDH/MPST/CKB/TST/OAZ1/PAPSS2/ETHE1/AMD1/PYCR1/PSMA5/PHYKPL/ASS1/PSPH/PXMP2/EEF1E1/PSMC4/NQO1/ODC1/AIMP2/ASL/PSMA3/GSTZ1/GOT1/ALDH9A1/PSMC2/ACAD8/HSD17B10/ALDH7A1/CKMT1B/GLUD1/SRM/GCDH/ADI1/SERINC2/SLC6A8,-39,DOWN,PIFvsCtrl,,,,,,,,,,,
CELL CYCLE CHECKPOINTS,SFN/YWHAB/PSMA7/YWHAH/YWHAZ/PSMD1/PSMC3/PSME2/PSMC4/CLIP1/PSMA5/RBBP8/CLSPN/ZWINT/MCM7/MCM5/MCM6/MCM4/MCM3/RFC2/CDC6/PSMD2/PSMB10/ANAPC15/BRCA1/PPP2CB/BIRC5/BRCC3/PSME3/CENPM/CHEK1/RANGAP1/BARD1/CENPS/RFC4/MCM2/RFC3,-37,DOWN,PIFvsPNI,,,,,,,,,,,
RHO GTPASE EFFECTORS,RHOD/SFN/ARPC1B/YWHAB/ARPC2/CALM1/PFN1/ACTB/ACTG1/MYL12B/CFL1/RAC1/ARPC5/ARPC4/ARPC1A/ACTR3/YWHAH/YWHAZ/TAX1BP3/CLIP1/MAPK3/CYBA/MYLK/RHOC/ZWINT/IQGAP2/CDH1/WASL/NOXO1/MYH14/PPP2CB/BIRC5/CENPM/RANGAP1/PRKCD/CENPS/SRF,-37,DOWN,PIFvsPNI,,,,,,,,,,,
PROGRAMMED CELL DEATH,SFN/YWHAB/CYCS/PLEC/TJP1/PSMA7/IL18/CHMP2B/YWHAH/STUB1/YWHAZ/PSMD1/UBE2L3/PSMC3/PSME2/UNC5B/PSMC4/GSDMD/PSMA5/CHMP3/MAPK3/DBNL/CASP6/CLSPN/XIAP/CDH1/OCLN/PSMD2/PSMB10/STK24/PSME3/PRKCD/CHMP6/IRF1/DAPK3,-35,DOWN,PIFvsPNI,,,,,,,,,,,
CELLULAR RESPONSE TO CHEMICAL STRESS,TXNRD1/FABP1/ME1/BLVRB/CYCS/PSMA7/NFE2L2/TALDO1/PSMD1/PSMC3/PSME2/GCLM/PSMC4/HMOX2/HM13/ATF4/PSMA5/NQO1/CYBA/PTK6/UFD1/SESN2/SCO2/PSMD2/SRXN1/PSMB10/G6PD/STAP2/BRCA1/PSME3/RXRA/MAFG/PRKCD,-33,DOWN,PIFvsPNI,,,,,,,,,,,
G2 M CHECKPOINTS,SFN/YWHAB/PSMA7/YWHAH/YWHAZ/PSMD1/PSMC3/PSME2/PSMC4/PSMA5/RBBP8/CLSPN/MCM7/MCM5/MCM6/MCM4/MCM3/RFC2/CDC6/PSMD2/PSMB10/BRCA1/BRCC3/PSME3/CHEK1/BARD1/RFC4/MCM2/RFC3,-29,DOWN,PIFvsPNI,,,,,,,,,,,
CELLULAR RESPONSE TO CHEMICAL STRESS,ME1/TXNRD1/FABP1/ATF4/CYCS/COX7A2L/PRDX6/PSMA5/BLVRB/SCO2/PSMC4/SESN2/GPX2/NQO1/SLC7A11/HMOX2/NFE2L2/PSMA3/GPX8/GCLM/PSMC2/NCOR1/HM13/STAP2/MAFG/SRXN1/RXRA/BRCA1,-28,DOWN,PIFvsCtrl,,,,,,,,,,,
METABOLISM OF STEROIDS,MVD/ACAT2/AKR1C3/IDI1/EBP/FDPS/HSD17B2/SLC27A2/FDX1/DHCR24/MSMO1/SAR1B/ELOVL6/CYP51A1/LSS/HSD17B7/HSD17B11/PMVK/SC5D/HMGCS1/NSDHL/MVK/INSIG1/DHCR7/SEC24A/LDLRAP1/SCAP/RXRA,-28,DOWN,PIFvsCtrl,,,,,,,,,,,
APOPTOSIS,SFN/YWHAB/CYCS/PLEC/TJP1/PSMA7/YWHAH/YWHAZ/PSMD1/PSMC3/PSME2/UNC5B/PSMC4/GSDMD/PSMA5/MAPK3/DBNL/CASP6/CLSPN/XIAP/CDH1/OCLN/PSMD2/PSMB10/STK24/PSME3/PRKCD/DAPK3,-28,DOWN,PIFvsPNI,,,,,,,,,,,
S PHASE,PSMA7/POLD4/PSMD1/PSMC3/PSME2/PSMC4/PSMA5/PTK6/FEN1/MCM7/PCNA/MCM5/MCM6/MCM4/MCM3/GINS2/ESCO2/RFC2/CDC6/PSMD2/PSMB10/ANAPC15/PSME3/PRIM1/E2F4/RFC4/MCM2/RFC3,-28,DOWN,PIFvsPNI,,,,,,,,,,,
METABOLISM OF STEROIDS,SLC27A2/AKR1C3/MVD/DHCR24/ACAT2/IDI1/FDPS/HMGCS1/EBP/ELOVL6/FDX1/INSIG1/LSS/CYP51A1/HSD17B2/PMVK/SQLE/SAR1B/MSMO1/SCAP/SC5D/HSD17B7/MVK/LDLRAP1/VDR/NSDHL/RXRA,-27,DOWN,PIFvsPNI,,,,,,,,,,,
MITOTIC G1 PHASE AND G1 S TRANSITION,PSMA7/CCND3/PSMD1/PSMC3/PSME2/PSMC4/PSMA5/DHFR/PTK6/TK1/HDAC1/MCM7/PCNA/MCM5/MCM6/MCM4/MCM3/MYBL2/CDC6/PSMD2/PSMB10/PPP2CB/PSME3/PRIM1/RRM2/E2F4/MCM2,-27,DOWN,PIFvsPNI,,,,,,,,,,,
CLATHRIN-MEDIATED ENDOCYTOSIS,EREG/HBEGF/CLTB/VAMP8/AREG/ARPC2/ARPC5/ARPC4/ARPC1A/AAK1/ACTR3/ARF6/HSPA8/AP2M1/SNX9/RAB5C/WASL/LDLR/DNM2/COPS3/EPS15/GPS1/LDLRAP1/SH3GL1/ITSN2,-25,DOWN,PIFvsPNI,,,,,,,,,,,
DNA REPLICATION,PSMA7/POLD4/PSMD1/PSMC3/PSME2/PSMC4/PSMA5/FEN1/MCM7/PCNA/MCM5/MCM6/MCM4/MCM3/GINS2/RFC2/CDC6/PSMD2/PSMB10/ANAPC15/PSME3/PRIM1/RFC4/MCM2/RFC3,-25,DOWN,PIFvsPNI,,,,,,,,,,,
G1 S TRANSITION,PSMA7/PSMD1/PSMC3/PSME2/PSMC4/PSMA5/DHFR/PTK6/TK1/HDAC1/MCM7/PCNA/MCM5/MCM6/MCM4/MCM3/CDC6/PSMD2/PSMB10/PPP2CB/PSME3/PRIM1/RRM2/E2F4/MCM2,-25,DOWN,PIFvsPNI,,,,,,,,,,,
LEISHMANIA INFECTION,ARPC1B/ARPC2/CALM1/ACTB/ACTG1/RAC1/ARPC5/ARPC4/ARPC1A/IL18/ACTR3/NT5E/GSDMD/SYK/ENTPD5/MAPK3/CYBA/GNG12/PRKAR2A/WASL/NOXO1/PYCARD/NFKB1/ADCY6/PLCG2,-25,DOWN,PIFvsPNI,,,,,,,,,,,
SYNTHESIS OF DNA,PSMA7/POLD4/PSMD1/PSMC3/PSME2/PSMC4/PSMA5/FEN1/MCM7/PCNA/MCM5/MCM6/MCM4/MCM3/GINS2/RFC2/CDC6/PSMD2/PSMB10/ANAPC15/PSME3/PRIM1/RFC4/MCM2/RFC3,-25,DOWN,PIFvsPNI,,,,,,,,,,,
KEAP1-NFE2L2 PATHWAY,TXNRD1/ME1/PSMA7/NFE2L2/TALDO1/PSMD1/PSMC3/PSME2/GCLM/PSMC4/ATF4/PSMA5/NQO1/UFD1/SESN2/PSMD2/SRXN1/PSMB10/G6PD/BRCA1/PSME3/MAFG/PRKCD,-23,DOWN,PIFvsPNI,,,,,,,,,,,
C-TYPE LECTIN RECEPTORS (CLRS),MUC5B/CALM1/HRAS/MUC12/PSMA7/MUC20/NFKBIA/PSMD1/PSMC3/PSME2/PSMC4/SYK/PSMA5/PSMD2/PSMB10/ICAM3/PYCARD/BCL10/PSME3/PRKCD/NFKB1/PLCG2,-22,DOWN,PIFvsPNI,,,,,,,,,,,
RRNA PROCESSING,WDR18/EXOSC8/RRP36/PNO1/NIP7/BOP1/EBNA1BP2/DDX21/LTV1/HSD17B10/RPP40/DKC1/RPP25/RRP9/DCAF13/NOC4L/DIMT1/NOP58/EMG1/RIOK3/TBL3,-21,DOWN,PIFvsCtrl,,,,,,,,,,,
RRNA PROCESSING IN THE NUCLEUS AND CYTOSOL,WDR18/EXOSC8/RRP36/PNO1/NIP7/BOP1/EBNA1BP2/DDX21/LTV1/RPP40/DKC1/RPP25/RRP9/DCAF13/NOC4L/DIMT1/NOP58/EMG1/RIOK3/TBL3,-20,DOWN,PIFvsCtrl,,,,,,,,,,,
EPH-EPHRIN SIGNALING,EFNB2/CLTB/EFNA2/ARPC1B/ARPC2/ACTB/ACTG1/MYL12B/CFL1/RAC1/HRAS/ARPC5/ARPC4/ARPC1A/ACTR3/AP2M1/WASL/MYH14/EPHB6/KALRN,-20,DOWN,PIFvsPNI,,,,,,,,,,,
NUCLEAR EVENTS MEDIATED BY NFE2L2,TXNRD1/ME1/PSMA7/NFE2L2/TALDO1/PSMD1/PSMC3/PSME2/GCLM/PSMC4/ATF4/PSMA5/NQO1/PSMD2/SRXN1/PSMB10/G6PD/PSME3/MAFG,-19,DOWN,PIFvsPNI,,,,,,,,,,,
SIGNALING BY NTRK1 (TRKA),ID1/ID3/ID2/JUNB/MAP2K2/YWHAB/HRAS/AP2M1/EGR1/RALA/MAPK3/MEF2C/RAP1A/DNM2/FOSB/PPP2CB/SGK1/MAPKAPK3/SRF,-19,DOWN,PIFvsPNI,,,,,,,,,,,
MAJOR PATHWAY OF RRNA PROCESSING IN THE NUCLEOLUS AND CYTOSOL,WDR18/EXOSC8/RRP36/PNO1/NIP7/BOP1/EBNA1BP2/DDX21/LTV1/RPP40/RPP25/RRP9/DCAF13/NOC4L/NOP58/EMG1/RIOK3/TBL3,-18,DOWN,PIFvsCtrl,,,,,,,,,,,
ASSEMBLY OF THE PRE-REPLICATIVE COMPLEX,PSMA7/PSMD1/PSMC3/PSME2/PSMC4/PSMA5/MCM7/MCM5/MCM6/MCM4/MCM3/CDC6/PSMD2/PSMB10/ANAPC15/PSME3/MCM2,-17,DOWN,PIFvsPNI,,,,,,,,,,,
REGULATION OF MRNA STABILITY BY PROTEINS THAT BIND AU-RICH ELEMENTS,YWHAB/PSMA7/HSPA8/YWHAZ/PSMD1/PSMC3/PSME2/PSMC4/PSMA5/HSPB1/ZFP36/HSPA1A/PSMD2/EXOSC8/PSMB10/PSME3/PRKCD,-17,DOWN,PIFvsPNI,,,,,,,,,,,
UCH PROTEINASES,ACTB/PSMA7/PSMD1/INO80C/SMAD7/PSMC3/PSME2/PSMC4/PSMA5/ADRM1/MCRS1/PSMD2/PSMB10/UCHL3/RUVBL1/PSME3/BARD1,-17,DOWN,PIFvsPNI,,,,,,,,,,,
"BIOSYNTHESIS OF THE N-GLYCAN PRECURSOR (DOLICHOL LIPID-LINKED OLIGOSACCHARIDE, LLO) AND TRANSFER TO A NASCENT PROTEIN",MVD/NANS/ST3GAL4/DPM1/ALG14/ST6GALNAC6/ALG5/ST6GALNAC1/ST6GALNAC4/ST6GAL1/NEU1/RFT1/GMPPB/UAP1/PMM1/GFPT1,-16,DOWN,PIFvsCtrl,,,,,,,,,,,
CHOLESTEROL BIOSYNTHESIS,MVD/ACAT2/IDI1/EBP/FDPS/DHCR24/MSMO1/CYP51A1/LSS/HSD17B7/PMVK/SC5D/HMGCS1/NSDHL/MVK/DHCR7,-16,DOWN,PIFvsCtrl,,,,,,,,,,,
REGULATION OF CHOLESTEROL BIOSYNTHESIS BY SREBP (SREBF),MVD/IDI1/FDPS/SAR1B/ELOVL6/CYP51A1/LSS/PMVK/SC5D/HMGCS1/MVK/INSIG1/DHCR7/SEC24A/SCAP/RXRA,-16,DOWN,PIFvsCtrl,,,,,,,,,,,
CHOLESTEROL BIOSYNTHESIS,MVD/DHCR24/ACAT2/IDI1/FDPS/HMGCS1/EBP/LSS/CYP51A1/PMVK/SQLE/MSMO1/SC5D/HSD17B7/MVK/NSDHL,-16,DOWN,PIFvsPNI,,,,,,,,,,,
ORC1 REMOVAL FROM CHROMATIN,PSMA7/PSMD1/PSMC3/PSME2/PSMC4/PSMA5/MCM7/MCM5/MCM6/MCM4/MCM3/CDC6/PSMD2/PSMB10/PSME3/MCM2,-16,DOWN,PIFvsPNI,,,,,,,,,,,
CELLULAR RESPONSE TO STARVATION,CEBPB/TRIB3/CEBPG/ATP6V0B/ATF4/EIF2S2/ATP6V0D1/SESN2/RHEB/ATP6V1D/FNIP2/LAMTOR3/ATP6V0E2/ATF3/RRAGC,-15,DOWN,PIFvsCtrl,,,,,,,,,,,
CELLULAR RESPONSE TO STARVATION,ATP6V0D1/CEBPG/ATP6V0B/ATP6V1D/TRIB3/ATF4/CEBPB/ATP6V0C/LAMTOR1/ATF3/SESN2/TCIRG1/RRAGC/ATP6V0E2/MTOR,-15,DOWN,PIFvsPNI,,,,,,,,,,,
REGULATION OF CHOLESTEROL BIOSYNTHESIS BY SREBP (SREBF),MVD/IDI1/FDPS/HMGCS1/ELOVL6/INSIG1/LSS/CYP51A1/PMVK/SQLE/SAR1B/SCAP/SC5D/MVK/RXRA,-15,DOWN,PIFvsPNI,,,,,,,,,,,
DNA STRAND ELONGATION,POLD4/MCM6/PCNA/MCM5/RFC2/MCM3/PRIM1/RFC4/RPA2/FEN1/MCM7/MCM2/MCM4/RFC3,-14,DOWN,PIFvsCtrl,,,,,,,,,,,
SYNTHESIS OF SUBSTRATES IN N-GLYCAN BIOSYTHESIS,MVD/NANS/ST3GAL4/DPM1/ST6GALNAC6/ALG5/ST6GALNAC1/ST6GALNAC4/ST6GAL1/NEU1/GMPPB/UAP1/PMM1/GFPT1,-14,DOWN,PIFvsCtrl,,,,,,,,,,,
DNA STRAND ELONGATION,POLD4/FEN1/MCM7/PCNA/MCM5/MCM6/MCM4/MCM3/GINS2/RFC2/PRIM1/RFC4/MCM2/RFC3,-14,DOWN,PIFvsPNI,,,,,,,,,,,
METABOLISM OF POLYAMINES,OAZ1/PSMA7/ODC1/PSMD1/PSMC3/PSME2/PSMC4/AMD1/PSMA5/NQO1/SRM/PSMD2/PSMB10/PSME3,-14,DOWN,PIFvsPNI,,,,,,,,,,,
EPHB-MEDIATED FORWARD SIGNALING,ARPC1B/ARPC2/ACTB/ACTG1/CFL1/RAC1/HRAS/ARPC5/ARPC4/ARPC1A/ACTR3/WASL/KALRN,-13,DOWN,PIFvsPNI,,,,,,,,,,,
REGULATION OF ACTIN DYNAMICS FOR PHAGOCYTIC CUP FORMATION,ARPC1B/ARPC2/ACTB/ACTG1/CFL1/RAC1/ARPC5/ARPC4/ARPC1A/ACTR3/SYK/MAPK3/WASL,-13,DOWN,PIFvsPNI,,,,,,,,,,,
ACTIVATION OF GENE EXPRESSION BY SREBF (SREBP),MVD/IDI1/FDPS/ELOVL6/CYP51A1/LSS/PMVK/SC5D/HMGCS1/MVK/DHCR7/RXRA,-12,DOWN,PIFvsCtrl,,,,,,,,,,,
ACTIVATION OF ATR IN RESPONSE TO REPLICATION STRESS,CLSPN/MCM7/MCM5/MCM6/MCM4/MCM3/RFC2/CDC6/CHEK1/RFC4/MCM2/RFC3,-12,DOWN,PIFvsPNI,,,,,,,,,,,
ACTIVATION OF GENE EXPRESSION BY SREBF (SREBP),MVD/IDI1/FDPS/HMGCS1/ELOVL6/LSS/CYP51A1/PMVK/SQLE/SC5D/MVK/RXRA,-12,DOWN,PIFvsPNI,,,,,,,,,,,
AUF1 (HNRNP D0) BINDS AND DESTABILIZES MRNA,PSMA7/HSPA8/PSMD1/PSMC3/PSME2/PSMC4/PSMA5/HSPB1/HSPA1A/PSMD2/PSMB10/PSME3,-12,DOWN,PIFvsPNI,,,,,,,,,,,
REGULATION OF ORNITHINE DECARBOXYLASE (ODC),OAZ1/PSMA7/ODC1/PSMD1/PSMC3/PSME2/PSMC4/PSMA5/NQO1/PSMD2/PSMB10/PSME3,-12,DOWN,PIFvsPNI,,,,,,,,,,,
ACTIVATION OF ATR IN RESPONSE TO REPLICATION STRESS,MCM6/MCM5/RFC2/MCM3/RFC4/RPA2/MCM7/MCM2/MCM4/RFC3/CHEK1,-11,DOWN,PIFvsCtrl,,,,,,,,,,,
RHO GTPASES ACTIVATE WASPS AND WAVES,ARPC1B/ARPC2/ACTB/ACTG1/RAC1/ARPC5/ARPC4/ARPC1A/ACTR3/MAPK3/WASL,-11,DOWN,PIFvsPNI,,,,,,,,,,,
TELOMERE C-STRAND (LAGGING STRAND) SYNTHESIS,POLD4/PCNA/RFC2/PRIM1/RFC4/RPA2/FEN1/DSCC1/RFC3,-9,DOWN,PIFvsCtrl,,,,,,,,,,,
TRIGLYCERIDE METABOLISM,FABP1/GK/MGLL/PPP1CA/MOGAT3/ABHD5/DGAT1/FABP5/CAV1,-9,DOWN,PIFvsCtrl,,,,,,,,,,,
LAGGING STRAND SYNTHESIS,POLD4/PCNA/RFC2/PRIM1/RFC4/RPA2/FEN1/RFC3,-8,DOWN,PIFvsCtrl,,,,,,,,,,,
RESPONSE OF EIF2AK1 (HRI) TO HEME DEFICIENCY,CHAC1/CEBPB/TRIB3/CEBPG/ATF4/EIF2S2/GRB10/ATF3,-8,DOWN,PIFvsCtrl,,,,,,,,,,,
TERMINATION OF O-GLYCAN BIOSYNTHESIS,MUC2/MUC12/ST3GAL4/MUC20/ST6GALNAC4/ST6GAL1/MUC5B/MUC1,-8,DOWN,PIFvsCtrl,,,,,,,,,,,
NFE2L2 REGULATING ANTI-OXIDANT DETOXIFICATION ENZYMES,TXNRD1/ATF4/NQO1/SLC7A11/NFE2L2/GCLM/SRXN1,-7,DOWN,PIFvsCtrl,,,,,,,,,,,
PCNA-DEPENDENT LONG PATCH BASE EXCISION REPAIR,POLD4/PCNA/RFC2/RFC4/RPA2/FEN1/RFC3,-7,DOWN,PIFvsCtrl,,,,,,,,,,,
LAGGING STRAND SYNTHESIS,POLD4/FEN1/PCNA/RFC2/PRIM1/RFC4/RFC3,-7,DOWN,PIFvsPNI,,,,,,,,,,,
METABOLISM OF COFACTORS,CALM1/DHFR/PTS/COQ2/PDSS1/SPR/COQ3,-7,DOWN,PIFvsPNI,,,,,,,,,,,
TYPE I HEMIDESMOSOME ASSEMBLY,PLEC/CD151/LAMA3/COL17A1/DST/LAMB3/LAMC2,-7,DOWN,PIFvsPNI,,,,,,,,,,,
UNWINDING OF DNA,MCM7/MCM5/MCM6/MCM4/MCM3/GINS2/MCM2,-7,DOWN,PIFvsPNI,,,,,,,,,,,
LEADING STRAND SYNTHESIS,POLD4/PCNA/RFC2/PRIM1/RFC4/RFC3,-6,DOWN,PIFvsCtrl,,,,,,,,,,,
N-GLYCAN ANTENNAE ELONGATION,ST3GAL4/MGAT4A/MGAT4B/ST6GAL1/B4GALT1/B4GALT4,-6,DOWN,PIFvsCtrl,,,,,,,,,,,
POLYMERASE SWITCHING,POLD4/PCNA/RFC2/PRIM1/RFC4/RFC3,-6,DOWN,PIFvsCtrl,,,,,,,,,,,
PROTEIN METHYLATION,EEF2KMT/HSPA8/EEF1AKMT2/PRMT3/METTL21A/EEF1AKMT1,-6,DOWN,PIFvsCtrl,,,,,,,,,,,
RESPONSE OF EIF2AK4 (GCN2) TO AMINO ACID DEFICIENCY,CEBPB/TRIB3/CEBPG/ATF4/EIF2S2/ATF3,-6,DOWN,PIFvsCtrl,,,,,,,,,,,
UNWINDING OF DNA,MCM6/MCM5/MCM3/MCM7/MCM2/MCM4,-6,DOWN,PIFvsCtrl,,,,,,,,,,,
LEADING STRAND SYNTHESIS,POLD4/PCNA/RFC2/PRIM1/RFC4/RFC3,-6,DOWN,PIFvsPNI,,,,,,,,,,,
NFE2L2 REGULATING ANTI-OXIDANT DETOXIFICATION ENZYMES,TXNRD1/NFE2L2/GCLM/ATF4/NQO1/SRXN1,-6,DOWN,PIFvsPNI,,,,,,,,,,,
POLYMERASE SWITCHING,POLD4/PCNA/RFC2/PRIM1/RFC4/RFC3,-6,DOWN,PIFvsPNI,,,,,,,,,,,
RESPONSE OF EIF2AK1 (HRI) TO HEME DEFICIENCY,CEBPG/TRIB3/ATF4/CEBPB/ATF3/PPP1R15A,-6,DOWN,PIFvsPNI,,,,,,,,,,,
PYRIMIDINE SALVAGE,UPP1/CDA/UCKL1/DCK/TK1,-5,DOWN,PIFvsCtrl,,,,,,,,,,,
TYPE I HEMIDESMOSOME ASSEMBLY,CD151/PLEC/LAMC2/LAMA3/LAMB3,-5,DOWN,PIFvsCtrl,,,,,,,,,,,
RHO GTPASES ACTIVATE IQGAPS,CALM1/RAC1/CLIP1/IQGAP2/CDH1,-5,DOWN,PIFvsPNI,,,,,,,,,,,
SULFIDE OXIDATION TO SULFATE,TST/ETHE1/SLC25A10/SQOR,-4,DOWN,PIFvsPNI,,,,,,,,,,,
IRS ACTIVATION,IRS2/IRS1/INSR/GRB10,-4,DOWN,PNIvsCtrl,,,,,,,,,,,
GRB2 EVENTS IN EGFR SIGNALING,AREG/HRAS/HBEGF/EREG,4,UP,PNIvsCtrl,,,,,,,,,,,
TYPE I HEMIDESMOSOME ASSEMBLY,DST/COL17A1/PLEC/LAMA3,4,UP,PNIvsCtrl,,,,,,,,,,,
NGF-STIMULATED TRANSCRIPTION,EGR1/ID3/ID1/TRIB1/SGK1/F3/SRF,7,UP,PNIvsCtrl,,,,,,,,,,,
POST-CHAPERONIN TUBULIN FOLDING PATHWAY,TUBB3/TUBA1C/TUBB6/TUBA1B/TBCB/TUBB2A/TBCD,7,UP,PNIvsCtrl,,,,,,,,,,,
SEALING OF THE NUCLEAR ENVELOPE (NE) BY ESCRT-III,TUBB3/TUBA1C/TUBB6/TUBA1B/CHMP3/TUBB2A/CHMP6,7,UP,PNIvsCtrl,,,,,,,,,,,
KINESINS,KIF1C/CENPE/KIF4A/KIF22/KIF15/KIFC1/KIF11/KIF23,8,UP,PNIvsCtrl,,,,,,,,,,,
HDMS DEMETHYLATE HISTONES,KDM5B/KDM5A/KDM1A/KDM4B/KDM5C/ARID5B/KDM3B/KDM4A/KDM3A/KDM1B/KDM6A,11,UP,PIFvsCtrl,,,,,,,,,,,
EPH-EPHRIN SIGNALING,AP2M1/MYL6/ACTB/ACTG1/EFNB2/CLTB/ARPC4/HRAS/MYH14/EPHB6/GRIN2B/KALRN/EPHB3/EPHA1,14,UP,PNIvsCtrl,,,,,,,,,,,
SIGNALING BY NTRK1 (TRKA),EGR1/ID3/ID1/AP2M1/YWHAB/HRAS/TRIB1/MAPK13/PIK3R1/SGK1/F3/RALGDS/MEF2C/SRF,14,UP,PNIvsCtrl,,,,,,,,,,,
RHO GTPASES ACTIVATE FORMINS,ACTB/ACTG1/RHOC/RHOD/RHOB/CENPE/CENPF/CDC20/BIRC5/SRF/KNL1/SPDL1/DIAPH3/BUB1/PLK1,15,UP,PNIvsCtrl,,,,,,,,,,,
SIGNALING BY NTRKS,EGR1/ID3/ID1/AP2M1/YWHAB/HRAS/TRIB1/MAPK13/GRIN2B/PIK3R1/SGK1/F3/RALGDS/MEF2C/PCSK5/SRF,16,UP,PNIvsCtrl,,,,,,,,,,,
RHO GTPASE EFFECTORS,TAX1BP3/YWHAB/MYL6/ACTB/ACTG1/SFN/CYBA/ARPC4/MYH14/RHOC/RHOD/RHOB/CENPE/CENPF/CDC20/BIRC5/SRF/KNL1/SPDL1/DIAPH3/BUB1/PLK1,22,UP,PNIvsCtrl,,,,,,,,,,,
NEUTROPHIL DEGRANULATION,OLFM4/LYZ/GSTP1/S100A11/CST3/CSTB/CEACAM6/ACAA1/CD55/FABP5/CYBA/DSP/RHOF/CAPN1/TUBB/AGPAT2/MVP/VCL/PSMC3/SERPINB6/SLC44A2/AOC1/CFD/RAP2B/CEACAM1/ARSA/APAF1/RAB4B/GM2A/TCIRG1/TNFRSF1B/LGALS3,32,UP,PNIvsCtrl,,,,,,,,,,,
SIGNALING BY RHO GTPASES,DST/TAX1BP3/ARHGDIA/YWHAB/TPM3/MYL6/ACTB/ACTG1/SFN/TUBA1B/CKB/CYBA/ARPC4/MYH14/DSP/RHOF/RHOC/CDC42BPB/RHOD/ALDH3A2/RHOB/PIK3R1/KALRN/ARHGAP26/MPP7/RND3/SPATA13/CENPE/CENPF/CDC20/OSBPL11/BIRC5/ARAP2/ARHGAP42/ARHGAP17/SRF/KNL1/SPDL1/DIAPH3/BUB1/PEAK1/PLK1,42,UP,PNIvsCtrl,,,,,,,,,,,
"CELL CYCLE, MITOTIC",TUBB3/TUBA1C/CDKN1A/TUBB6/TUBA1B/CHMP3/TUBB/RAB8A/PSMC3/PTK6/GINS2/ANAPC15/PCNT/POLD4/TUBB2A/DHFR/PPME1/LIG1/SMC4/CENPE/CENPF/CDC20/MCM4/BIRC5/CEP250/MYBL2/CCND3/CHMP6/NCAPG/TPX2/HMMR/FOXM1/NCAPG2/CDC6/KNL1/ESCO2/SPDL1/FZR1/NCAPH/BUB1/GTSE1/PLK1/KIF23,43,UP,PNIvsCtrl,,,,,,,,,,,
"SIGNALING BY RHO GTPASES, MIRO GTPASES AND RHOBTB3",DST/TAX1BP3/ARHGDIA/YWHAB/TPM3/MYL6/ACTB/ACTG1/SFN/TUBA1B/CKB/CYBA/ARPC4/PLIN3/MYH14/DSP/RHOF/RHOC/CDC42BPB/RHOD/ALDH3A2/RHOB/PIK3R1/KALRN/ARHGAP26/MPP7/RND3/SPATA13/CENPE/CENPF/CDC20/OSBPL11/BIRC5/ARAP2/ARHGAP42/ARHGAP17/SRF/KNL1/SPDL1/DIAPH3/BUB1/PEAK1/PLK1,43,UP,PNIvsCtrl,,,,,,,,,,,
CHROMATIN MODIFYING ENZYMES,ELP5/KDM5B/SMARCE1/KDM5A/KDM1A/ARID4B/YEATS2/KDM4B/KDM5C/ARID5B/SUDS3/ING4/KANSL1/KMT2A/BRD8/SMARCD2/SMARCC1/EHMT2/HDAC3/HDAC8/REST/ATF7IP/NSD1/SUPT20H/KDM3B/SAP30/PHF20/KMT5B/KAT6B/AEBP2/KAT7/KDM4A/KDM3A/ARID4A/RELA/KDM1B/SMYD3/SUPT7L/ELP1/ELP3/ING5/DMAP1/CHD3/KDM6A/SMYD2/KANSL2,46,UP,PIFvsCtrl,,,,,,,,,,,
CHROMATIN ORGANIZATION,ELP5/KDM5B/SMARCE1/KDM5A/KDM1A/ARID4B/YEATS2/KDM4B/KDM5C/ARID5B/SUDS3/ING4/KANSL1/KMT2A/BRD8/SMARCD2/SMARCC1/EHMT2/HDAC3/HDAC8/REST/ATF7IP/NSD1/SUPT20H/KDM3B/SAP30/PHF20/KMT5B/KAT6B/AEBP2/KAT7/KDM4A/KDM3A/ARID4A/RELA/KDM1B/SMYD3/SUPT7L/ELP1/ELP3/ING5/DMAP1/CHD3/KDM6A/SMYD2/KANSL2,46,UP,PIFvsCtrl,,,,,,,,,,,
CHROMATIN MODIFYING ENZYMES,KDM5B/ENY2/SMARCE1/KMT2A/SMYD3/ING4/KDM5C/YEATS2/ATF7IP/ARID5B/ELP2/KDM5A/HDAC3/PHF20/NSD3/KDM3A/KDM4B/HDAC8/KDM1A/AEBP2/USP22/EHMT2/MRGBP/MSL1/BRWD1/MBIP/ELP5/REST/MTA1/RELA/SUPT20H/BRD8/TAF12/MEAF6/KMT5B/KAT7/SAP30/MECOM/SGF29/BRD1/ATF2/ELP3/CHD3/ASH2L/GATAD2B/SUPT7L,46,UP,PIFvsPNI,,,,,,,,,,,
CHROMATIN ORGANIZATION,KDM5B/ENY2/SMARCE1/KMT2A/SMYD3/ING4/KDM5C/YEATS2/ATF7IP/ARID5B/ELP2/KDM5A/HDAC3/PHF20/NSD3/KDM3A/KDM4B/HDAC8/KDM1A/AEBP2/USP22/EHMT2/MRGBP/MSL1/BRWD1/MBIP/ELP5/REST/MTA1/RELA/SUPT20H/BRD8/TAF12/MEAF6/KMT5B/KAT7/SAP30/MECOM/SGF29/BRD1/ATF2/ELP3/CHD3/ASH2L/GATAD2B/SUPT7L,46,UP,PIFvsPNI,,,,,,,,,,,
CELL CYCLE,TUBB3/TUBA1C/YWHAB/CDKN1A/TUBB6/SFN/TUBA1B/CHMP3/TUBB/RAB8A/BRCC3/PSMC3/PTK6/GINS2/CLSPN/ANAPC15/PCNT/POLD4/TUBB2A/DHFR/PPME1/SYNE2/LIG1/MDM2/SMC4/CENPE/CENPF/CDC20/MCM4/BIRC5/CEP250/MYBL2/CCND3/CHMP6/NCAPG/TPX2/HMMR/FOXM1/NCAPG2/CDC6/KNL1/ESCO2/SPDL1/FZR1/NCAPH/BUB1/GTSE1/PLK1/KIF23,49,UP,PNIvsCtrl,,,,,,,,,,,
TRANSCRIPTIONAL REGULATION BY TP53,SESN3/MAP2K6/HIPK1/NDRG1/BNIP3L/CCNG1/COX7C/IGFBP3/CNOT8/BBC3/TCEA1/GPI/CSNK2A1/TFDP2/MNAT1/TNRC6B/DDB2/BAX/ATM/CSNK2A2/GADD45A/LRPPRC/PRKAA2/CNOT7/TNFRSF10B/BCL2L14/COX19/PHF20/TAF11/TNFRSF10D/SURF1/USP7/BTG2/PIP4K2B/RRM2B/PRKAA1/CNOT2/POLR2A/PPP1R13L/EHMT2/RICTOR/NELFCD/ING2/RBL2/CCNT1/MDM4/TAF1/AGO1/JMY/BCL6/PRKAB1/CNOT6L/CDK7/NELFA/TAF12/MEAF6/MRE11/PMS2/PLAGL1/PRKAB2/SUPT5H/BRD1/AGO3/ATF2/TAF13/CHD3/PML/CCNT2/CNOT3/GATAD2B,70,UP,PIFvsPNI,,,,,,,,,,,